Tanggal,Penulis,Judul,Artikel,Label
" Kamis, 30 November 2023 21:54 WIB",Pewarta: Walda MarisonEditor: D.Dj. Kliwantoro  COPYRIGHT © ANTARA 2023,Kampanye pertama Prabowo akan ke Jawa Barat dan Banten bertemu ulama,"     Jakarta (ANTARA) - Calon Presiden RI Prabowo Subianto akan menggelar kampanye pertama di Jawa Barat dan Banten bertemu kalangan ulama pada Sabtu(2/12).      ""Prabowo di Jawa Barat dan Banten akan ketemu tokoh-tokoh ulama, kiai, dan pondok pesantren,"" kata Sekretaris Jendral Partai GerindraAhmad Muzani saat ditemui di Menteng, Jakarta Pusat, Kamis.      Selain dukungan anak muda, pihaknya juga membutuhkan suara ulama guna memperkuat basis pendukung, khusus di Pulau Jawa.      Saat ditanya ke mana Calon Wakil Presiden RI Gibran Rakabuming Raka akan berkampanye pada tanggal yang sama, Muzani belum bisa menjelaskan hal tersebut.      Sebelumnya, pada hari pertama kampanye Pemilu 2024, Selasa (28/11), Capres RI Ganjar Pranowo berkunjung ke Kabupaten Merauke, Papua Selatan, sementara Cawapres RI Mahfud Md. ke Aceh.      Capres RIAnies Baswedan berkampanye di Jakarta dan Bogor; sedangkan cawapres Muhaimin Iskandar mendatangi basis pendukungnya di Jawa Timur.      Terakhir, pasangan Prabowo-Gibran memilih belum mengambil cuti kampanye dan masih bekerja sebagai Menteri Pertahanan dan Wali Kota Surakarta.      Prabowo mengikuti rapat internal dengan Presiden RI Joko Widodo di Istana Bogor, Jawa Barat, Selasa, sedangkanGibran tetap bertugas sebagai Wali Kota Surakarta.  Baca juga: TKN tak khawatir Prabowo-Gibran belum kampanye  Baca juga: Ganjar Pranowo: ""Saya rasa, wajah saya itu seperti hantu""  Baca juga: Jubir Timnas AMIN bantah mainkan isu pembangunan IKN   Komisi Pemilihan Umum (KPU) RI pada hari Senin, 13 November 2023, menetapkan tiga bakal pasangan calon presiden dan wakil presiden menjadi peserta Pemilu Presiden dan Wakil Presiden (Pilpres) 2024.   Hasil pengundian dan penetapan nomor urut peserta Pilpres 2024 pada hari Selasa, 14 November 2023, pasangan Anies Baswedan-Muhaimin Iskandar nomor urut 1, Prabowo Subianto-Gibran Rakabuming Raka nomor urut 2, dan Ganjar Pranowo-Mahfud Md. nomor urut 3.   KPU juga telah menetapkan masa kampanye mulai 28 November 2023 hingga 10 Februari 2024, kemudian jadwal pemungutan suara pada tanggal 14 Februari 2024.Pewarta: Walda MarisonEditor: D.Dj. Kliwantoro    COPYRIGHT © ANTARA 2023 ",politik
" Kamis, 30 November 2023 21:25 WIB",Pewarta: Tim JACXEditor: Indriani  COPYRIGHT © ANTARA 2023,Hoaks! Prabowo dinonaktifkan sebagai Menteri Pertahanan pada 28 November,"   Jakarta (ANTARA/JACX) – Sebuah unggahan video berdurasi delapan menit di Facebookmenarasikan bahwa Menteri Pertahanan masa jabatan 2019-2024 Prabowo Subianto dinonaktifkan.   Dalam unggahan tersebut dinarasikan karena Prabowo merupakan dalang yang membuat keluarga Presiden Jokowi berantakan.    Thumbnail dalam unggahan tersebut terlihat Prabowo meletakan kedua tangannya dibelakang dan terdapat anggota polisi, TNI dan juga Jokowi.    Berikut narasi dalam unggahan tersebut: “Mengejutkan dunia, prabowo di non aktifkan dari menhan dalang yang buat jokowi ber4nt4nk4n terbongkar.”    Namun, benarkahPrabowo dinonaktifkan sebagai Menteri Pertahanan pada 28 November?     Unggahan disinformasi yang menarasikan Prabowo dinonaktifkan sebagai Menteri Pertahanan pada 28 November. Faktanya, tidak ada informasi resmi mengenai hal tersebut. (Facebook)     Penjelasan:    Berdasarkan penelusuran, dalam unggahan video tersebut tidak ada narasi yang menyatakan Prabowo dinonaktifkan sebagai Menhan. Narrator dalam video tersebut hanya membacakan artikel di laman Seword yang berjudul “Gaya Berpolitik Jokowi Berubah Orientasi Menjadi Penguasa Mutlak kah?”.    Dalam laman tersebut mengemukakan opini terkait Jokowi yang awalnya terlihat tidak ambisius, namun jelang mengakhiri masa jabatan seakan-akan berubah dan berbalik seratus delapan puluh derajat dan disebut post power syndrome.    Pada 24 November lalu, Presiden menetapkan aturan Peraturan Pemerintah Nomor 53 Tahun 2023 yang berisi menteri, anggota legislatif hingga kepala daerah tidak diwajibkan untuk mundur dari jabatannya jika maju sebagai calon presiden dan wakil presiden dalam Pilpres 2024, dilansir dari ANTARA.    Dengan demikian, informasiPrabowo dinonaktifkan sebagai Menteri Pertahanan pada 28 November merupakan tidak berdasar. Klaim:Prabowo dinonaktifkan sebagai Menteri Pertahanan pada 28 November Rating:Hoaks  Cek fakta: Hoaks! Polri instruksikan pasang baliho pasangan calon tertentu  Cek fakta: Hoaks! Buku elektronik berjudul ""Melenggangkan Dinasti Jokowi, Lupakan Netralitas Korbankan Rekan Sejawat""  Baca juga: TKN sebut Gibran punya persiapan matang untuk debatPewarta: Tim JACXEditor: Indriani    COPYRIGHT © ANTARA 2023 ",politik
" Kamis, 30 November 2023 21:18 WIB",Pewarta: Fianda Sjofjan RassatEditor: Chandra Hamdani Noor  COPYRIGHT © ANTARA 2023,HNW ingatkan utang PBB untuk kemerdekaan Palestina,"     Jakarta (ANTARA) - Wakil Ketua Majelis Permusyawaratan Rakyat Republik Indonesia (MPR RI) Hidayat Nur Wahid (HNW) mengingatkan utang Perserikatan Bangsa-Bangsa (PBB) untuk kemerdekaan bangsa Palestina pada peringatan Hari Solidaritas Palestina Internasional yang jatuh pada setiap tanggal 29 November.      ""Kemarin, dunia memperingati Hari Solidaritas Palestina Internasional. Hari tersebut ditetapkan oleh Resolusi Majelis Umum PBB 32/40 B pada 2 Desember 1977. Artinya, Hari Solidaritas Palestina Internasional yang ditetapkan oleh PBB ini sudah selama 45 tahun diperingati setiap tahunnya. Seharusnya bisa dijadikan penyemangat PBB untuk melaksanakan resolusi-resolusinya yang terkait agar dapat memerdekakan bangsa dan negara Palestina dengan memenuhi keadilan serta hak-hak rakyat Palestina berdasarkan hukum internasional,"" ujar Hidayat dalam keterangan tertulis di Jakarta, Kamis.      HNW mengatakan peringatan Hari Solidaritas Palestina Internasional tahun ini berbeda dengan tahun-tahun sebelumnya, karena peringatan pada tahun ini diwarnai dengan agresi militer pemerintah Israel ke wilayah Palestina di Jalur Gaza yang telah menewaskan ribuan orang.      ""Bukan hanya itu, Israel kembali mempertontonkan aksinya yang brutal dan tidak akan dilakukan oleh bangsa beradab mana pun, dengan menyerang rumah sakit dan tempat pengungsian, dan menewaskan belasan ribu warga yang mayoritas mutlaknya adalah warga sipil, perempuan dan anak-anaknya,"" ujarnya.      Lebih lanjut, HNW menyerukan kepada pemerintah Indonesia untuk makin serius dan fokus mengajak seluruh anggota PBB untuk menghentikan aksi pelanggaran hukum internasional dan hukum humaniter internasional yang dilakukan Israel itu secara permanen, bukan hanya secara sementara.  Baca juga: Wapres nilai fatwa MUI diperlukan untuk dukung kemerdekaan Palestina   Baca juga: Duta Besar: Terima kasih Indonesia sudah mendukung rakyat Palestina      Apalagi, Indonesia dibantu oleh Palestina pada saat kemerdekaan dahulu, sehingga Presiden Jokowi menyampaikan bahwa Indonesia memiliki utang untuk melakukan hal yang sama kepada mereka, yakni membantu agar Palestina merdeka.      HNW juga mengapresiasi Menteri Luar Negeri Indonesia yang dalam beberapa pekan terakhir telah menjalin komunikasi dengan banyak negara membela Palestina terkait pembantaian Israel di Jalur Gaza, serta menyampaikan secara lugas dan tegas sikap resmi Indonesia pada Sidang Majelis Umum PBB di New York, Amerika Serikat.      Dalam sidang tersebut Indonesia pada intinya memberikan pembelaan keadilan dan kemanusiaan kepada rakyat Palestina, penolakan keras terhadap pelanggaran hukum internasional oleh Israel, dan agar PBB serius mengambil tanggung jawab memenuhi kewajiban dan resolusinya terkait Palestina dan kemerdekaan Palestina.      Terlebih pada Kamis (30/1), Dewan Keamanan PBB akan melakukan pertemuan untuk kembali membahas perkembangan di Gaza.      Pertemuan yang akan dipimpin oleh Menteri Luar Negeri Republik Rakyat China itu menjadi momen yang sangat penting untuk mewujudkan spirit Hari Solidaritas Palestina yang diputuskan sendiri oleh PBB, agar segera dapat diwujudkannya kemerdekaan Palestina dan diakhiri-nya penjajahan atas Palestina dan pendudukan kembali wilayah Gaza oleh Israel, mengingat resolusi Dewan Keamanan PBB memiliki kekuatan hukum yang mengikat.  Baca juga: RI-Turki sepakat dukung perjuangan kemerdekaan Palestina      HNW juga mengingatkan pentingnya perjuangan yang sedang dilakukan oleh Menlu Indonesia untuk mendapat dukungan dari banyak negara. Namun, selain bekerja sama dengan negara-negara yang mendukung Palestina, dan menolak keras kejahatan kemanusiaan dan kejahatan perang Israel terhadap Gaza, penting juga dilakukan lobi atau diplomasi terhadap negara-negara yang memiliki hak veto di Dewan Keamanan PBB.      ""Agar di saat yang sangat krusial ini, dan momentum memperingati Hari Solidaritas Palestina, tidak dilakukan veto yang bertentangan dengan keadilan dan kemanusiaan atau veto yang ‘membolehkan’ genosida terus terjadi, dan perdamaian tidak terwujud di kawasan itu, karena kemerdekaan Palestina tidak kunjung diwujudkan, padahal sudah sejak 45 tahun yang lalu Majelis Umum PBB memutuskan adanya hari Internasional Solidaritas Palestina,"" tuturnya.Pewarta: Fianda Sjofjan RassatEditor: Chandra Hamdani Noor    COPYRIGHT © ANTARA 2023 ",politik
" Kamis, 30 November 2023 21:16 WIB",Pewarta: Khaerul IzanEditor: D.Dj. Kliwantoro  COPYRIGHT © ANTARA 2023,Timnas AMIN: Pose salam merdeka di surat suara untuk ulangi kemenangan," Anies ini sangat mengerti tentang sejarah, dan salam merdeka adalah salah satu sejarahnya Bung KarnoJakarta (ANTARA) - Tim Nasional Pemenangan Anies Baswedan-Muhaimin Iskandar (Timnas AMIN) menyatakan bahwa pose salam merdeka pasangan calon presiden dan wakil presiden nomor urut 1 pada surat suara Pilpres 2024 ikhtiar untuk mengulangi kemenangan serta memperkenalkan sejarah.   ""Pose salam merdeka melambangkan semangat dari pasangan AMIN (Anies-Muhaimin) untuk bisa memenangkan kembali,"" kata Juru Bicara Timnas AMIN Usamah Abdul Aziz di Jakarta, Kamis, ketika ditanya terkait dengan pose pasangan AMIN.   Usamah mengatakan bahwa Capres RIAnies sangat mengerti mengenai sejarah bangsa. Apalagi, salam merdeka merupakan salah satu sejarah yang dilakukan oleh sang Proklamator Soekarno.   Menurut dia, salam tersebut juga melambangkan semangat dari pasangan AMIN dalam mengikuti konstelasi politik 5 tahunan di Indonesia.   Selain itu, pose tersebut menjadi pengingat bagi Anieskarena salam merdeka itu juga dilakukan ketika ikut Pemilihan Kepala Daerah (Pilkada) DKI Jakarta pada tahun 2017.   ""Anies ini sangat mengerti tentang sejarah, dan salam merdeka adalah salah satu sejarahnya Bung Karno,"" katanya.  Baca juga: Anies-Muhaimin berkomitmen permudah pembangunan tempat ibadah  Baca juga: Airlangga: Rapat Dewan Pengarah TKN bahas isu strategis  Baca juga: Ganjar respons gimik politik 'Gemoy' ala Prabowo Subianto   Komisi Pemilihan Umum (KPU) menyatakan ketiga pasangan calon presidendan wakil presiden sudah menyepakati desain surat suara untuk Pilpres 2024. Pada desain surat suara tersebut, terdapat foto tiga peserta Pilpres 2024.   Pasangan calon nomor urut 1, Anies Baswedan-Muhaimin Iskandar, dalam surat suara tersebut menggunakan jas berwarna hitam dengan kemeja putih di bagian dalam.   Pasangan calon nomor urut 2, Prabowo Subianto-Gibran Rakabuming Raka, terlihat mengenakan kemeja dengan warna biru yang sama.   Foto pasangan calon nomor urut 3, Ganjar Pranowo-Mahfud Md., dalam surat suara tersebut tampak berbeda daripada dua paslon lain. Ganjar dan Mahfud tampak memakai kemeja dengan warna berbeda. Ganjar menggunakan kemeja berwarna hitam, sedangkan Mahfud berwarna putih.   Sebelumnya, KPU menetapkan masa kampanye mulai 28 November 2023 hingga 10 Februari 2024, kemudian jadwal pemungutan suara pada tanggal 14 Februari 2024.Pewarta: Khaerul IzanEditor: D.Dj. Kliwantoro    COPYRIGHT © ANTARA 2023 ",politik
" Kamis, 30 November 2023 20:40 WIB",Pewarta: Melalusa Susthira KhalidaEditor: Chandra Hamdani Noor  COPYRIGHT © ANTARA 2023,Puan ingatkan KPU tingkatkan keamanan data antisipasi serangan siber," KPU dan Kemenkominfo harus segera mengidentifikasi kelemahan dalam sistem keamanan yang memungkinkan terjadinya peretasan sistemJakarta (ANTARA) - Ketua DPR RI Puan Maharani mengingatkan Komisi Pemilihan Umum (KPU) untuk meningkatkan keamanan data Daftar Pemilih Tetap (DPT) guna mengantisipasi kebocoran data pribadi pemilih dari serangan siber demi kelancaran Pemilu 2024.   ""Di era kemajuan teknologi, serangan siber harus bisa diantisipasi. Harus ada jaminan keamanan data pemilih pemilu agar pesta demokrasi kita bisa berjalan lancar, aman dan damai. Keamanan data pribadi pemilih juga mutlak untuk dilindungi,"" kata Puan dalam keterangan yang diterima di Jakarta, Kamis.   Puan juga mendorong KPU dan Kementerian Komunikasi dan Informasi (Kemenkominfo) untuk bekerja sama dengan lembaga keamanan siber maupun pihak-pihak terkait lainnya dalam rangka memastikan perlindungan data dan keamanan siber berjalan optimal.   ""Kita memiliki BSSN (Badan Siber dan Sandi Negara) yang memiliki anak-anak bangsa yang bisa menghalau serangan siber. Dengan begitu, sinergitas diperlukan untuk menangkal kejahatan teknologi seperti ini,"" ujarnya.   Dia mengingatkan bahwa serangan siber merupakan hal yang patut diwaspadai secara seksama sehingga menuntut urgensi langkah-langkah pencegahan dan investigasi lebih lanjut.   ""KPU dan Kemenkominfo harus segera mengidentifikasi kelemahan dalam sistem keamanan yang memungkinkan terjadinya peretasan sistem,"" tuturnya.   Lebih lanjut, Puan menekankan perlunya KPU memperbarui sistem perlindungan siber untuk mencegah serangan serupa terjadi di masa depan.  Baca juga: KPU pastikan laman dan aplikasi digital aman dari kebocoran data siber   Baca juga: Pakar: Jangan sampai kebocoran data pemilih ganggu Pemilu 2024   ""Investasi dalam teknologi keamanan siber, pelatihan bagi personel IT, dan penerapan standar keamanan yang ketat menjadi langkah krusial dalam melindungi lembaga-lembaga publik, terutama yang terlibat dalam proses demokratis seperti KPU,"" katanya.   Menurut dia, kebocoran data pemilih membuka celah bagi penipuan identitas dan aktivitas kriminal lainnya yang dapat merugikan warga. Mulai dari, dapat dimanipulasi untuk kepentingan politik tertentu, serta mengancam integritas pemilu dan kepercayaan masyarakat.   Selain itu, lanjut dia, menimbulkan prasangka antara pihak-pihak terkait yang dapat membuat kondusivitas pelaksanaan pemilu terganggu.   ""Maka penting sekali adanya investigasi lebih lanjut dari isu kebocoran ini, dan langkah-langkah peningkatan pengamanan data. Selain demi keamanan data pribadi masyarakat, terjaminnya informasi soal DPT juga agar tidak ada gangguan terhadap pelaksanaan Pemilu,"" kata Puan.   Sebelumnya, Rabu (29/11), Komisi Pemilihan Umum (KPU) RI menggandeng tim dari Direktorat Tindak Pidana Siber (Dittipidsiber) Bareskrim Polri hingga Badan Intelijen Negara (BIN) untuk mendalami laporan terkait dugaan kebocoran data Pemilu 2024 di situs kpu.go.id.  Baca juga: Andika Perkasa khawatir data pemilih yang dibobol dapat intervensi KPU   ""Kami masih memastikan apakah informasi itu benar atau tidak. Kami bekerja sama dengan tim yang selama ini sudah ada, yaitu tim dari KPU, tim Badan Siber dan Sandi Negara (BSSN), kemudian dari tim cyber crime Mabes Polri, dan juga BIN dan Kemenkominfo,"" kata Ketua KPU RI Hasyim Asy'ari di Istana Kepresidenan, Jakarta, Rabu.   KPU pada Selasa (28/11) mengatakan telah menerima informasi terkait dugaan pembobolan data yang dilakukan peretas bernama ""Jimbo"", yang mengklaim berhasil meretas situs KPU dan mengakses data pemilih dari situs tersebut.   Adapun pada tahun 2022 peretas bernama ""Bjorka"" juga mengklaim mendapatkan 105 juta data pemilih dari website KPU.Pewarta: Melalusa Susthira KhalidaEditor: Chandra Hamdani Noor    COPYRIGHT © ANTARA 2023 ",politik
" Kamis, 30 November 2023 20:39 WIB",Pewarta: Anggi Luthfi PanggabeanEditor: Edy M Yakub  COPYRIGHT © ANTARA 2023,Sumut jadi peringkat pertama penyelenggara pemilu yang dilaporkan DKPP,"     Medan (ANTARA) - Provinsi Sumatera Utara menjadi peringkat pertama untuk penyelenggara pemilu yang paling banyak dilaporkan kepada Dewan Kehormatan Penyelenggara Pemilu (DKPP) RI yakni 82 orangteradukan pada tahun 2023.   ""Jumlah teradu dari Sumut sebanyak 82 orang, di antaranya satuorang diberhentikan dari jabatan, 26 orang sanksi teguran tertulis dan 55 orang sanksi ringan,"" ujar Tenaga Ahli DKPP RI, Mohammad Saihu dalam diskusi Ngetren Media ‘Ngobrol Etika Penyelenggara Pemilu dengan Media, di Medan, Kamis.   Ia mengatakan aduan yang dilaporkan DKPPitu terkait sejumlah pelanggaran, seperti pelanggaran asas, penyelenggara atau adhoc, pendaftaran atau verifikasi perserta pemilu dan lainnya.   ""Provinsi Sumut adalah provisi dengan jumlah terbanyak penyelenggara pemilu yang diadukan ke DKPP dibandingkan dengan provinsi lainnya di Indonesia di sepanjang tahun 2023,"" katanya.   Saihu menjelaskan Sumut tertinggi dari provinsi lainnya seperti Aceh sebanyak 67 teradu, lalu Jawa Barat sebanyak 38 teradu, Bengkulu sebanyak 27 teradu dan Jawa Timur sebanyak 20 teradu. Seluruh teradu tersebut, selama tahapan Pemilu 2024 pada tahun 2023.   ""Bahwa pelanggaran tahapan dari lima provinsi itu, pembentukan badan penyelenggara atau adhoc sebanyak 262 teradu atau 65 persen. Pendaftaran dan verifikasi peserta pemilu sebanyak 38 teradu atau 12 persen,"" sebutnya   Kemudian, kata dia, pembentukan Panwas Adhoc sebanyak 36 teradu atau 10 persen. Pencalonan legislatif, Capres-Cawapres sebanyak 19 teradu atau 6 persen.   Menurutnya, tidak tutup kemungkinan angka pengaduan terhadap penyelenggara pemilu, yakni KPU dan Bawaslu akan meningkatkan hingga akhir tahun 2023 ini.   ""DKPP untuk menurunkan angka pengaduan terhadap penyelenggara pemilu tersebut juga memerlukan peran jurnalis dan media yang memberikan kontribusi besar dalam pemahaman atas etika dalam menjalankan tugas sebagai penyelenggara pemilu tersebut,"" katanya.   Saihu mengatakan media memberikan peran besar dan tingkat kepercayaan publik DKPP terus meningkat, dengan proses dilakukan DKPP terhadap penyelenggara pemilu, yang menggelar aturan dan kode etik.   “Tapi secara implisit, kegiatan yang dilakukan DKPP, terutama soal persidangan itu, kan dibaca juga oleh masyarakat ini,” jelasnya.   Saihu mengungkapkan pemberitaan terkait amar putusan terhadap penyelenggara pemilu memberikan efek luar kepada oknum-oknum teradu tersebut. Sehingga akan memberikan dampak yang baik.   “Kan orang akan membaca dan itu efeknya luar biasa buat penyelenggara, orang gak akan mau dilaporkan ke DKPP. Meskipun, tadi saya bilang lebih banyak di rehabilitasi ataupuan hanya dapat teguran. Tapi kalau orang sudah di sidang, itukan pengaruh, karena jejak digital itukan ada, orang diberitakan disidang, itukan membawa efek,"" ujarnya.Pewarta: Anggi Luthfi PanggabeanEditor: Edy M Yakub    COPYRIGHT © ANTARA 2023 ",politik
" Kamis, 30 November 2023 20:35 WIB",Pewarta: Fath Putra MulyaEditor: Chandra Hamdani Noor  COPYRIGHT © ANTARA 2023,Alissa Wahid: Menjalankan Pancasila sama dengan beribadah,"     Jakarta (ANTARA) - Direktur Nasional GusDurian Network Indonesia (GNI) Alissa Wahid mengatakan bahwa menjalankan Pancasila sama dengan beribadah karena nilai-nilai yang terkandung dalam ideologi bangsa Indonesia tersebut tidak berbeda dengan ajaran agama.   Alissa menyoroti nilai toleransi yang diamanahkan Pancasila. Menurutnya, ajaran agama juga mengajarkan manusia untuk menghargai sesama, sekalipun terdapat perbedaan di antara mereka.   ""Sehingga tidak berlebihan rasanya jika ada anggapan bahwa dengan menjalankan Pancasila, itu sama dengan kita beribadah sesuai ajaran agama karena ajaran agama dan Pancasila memiliki kaitan yang sangat erat,"" imbuh Alissa dalam keterangannya di Jakarta, Kamis.   Ia menuturkan bahwa di dalam Pancasila terkandung nilai-nilai kemanusiaan dan agama sebagai pedomannya. Hal itu, kata dia, turut tertuang dalam ajaran agama bahwa manusia harus bersikap adil, santun, dan beradab.  Baca juga: Alissa Wahid: Jangan pilih pemimpin yang gunakan politik identitas   Baca juga: Alissa Wahid harap perempuan jadi benteng halau kekerasan sejak dini   ""Baik dalam Islam atau agama-agama yang lain, selalu ada ajaran yang menuntun manusia agar menjadi pribadi yang adil dan santun, seperti yang tertuang pada Pancasila. Pribadi yang beradab atau santun dan sebagai manusia dia tidak mengedepankan kekerasan dalam menghadapi persoalan, sejati-nya ia telah mengikuti nilai-nilai yang ada dalam agama,"" jelasnya.   Selain itu, dia menjelaskan Pancasila merupakan pengejawantahan dari nilai-nilai agama dan keluhuran bangsa Indonesia. Walaupun terdapat perbedaan dalam pengamalan agama, kata Alissa, Pancasila menjembatani itu semua.   ""Kalau di dalam agama Kristen, itu ada istilah imago dei yang berarti bahwa manusia adalah cerminan dari sosok Tuhan. Sementara dalam ajaran Islam, manusia ditempatkan sebagai khalifatul fil ardh atau sebagai pengelola bumi. Nilai persatuan Indonesia dalam Pancasila menjadi luas penafsiran-nya karena ia tidak hanya mengatur hubungan dengan alam, namun juga hubungan dengan sesama manusia,"" imbuh Alissa.   Alissa menambahkan, untuk memelihara persatuan bangsa melalui Pancasila, masyarakat perlu mewaspadai adanya pembingkaian berita atau informasi dengan tujuan tertentu.   Seringkali, katanya, isu kemiskinan yang terjadi di Indonesia digunakan oleh kelompok intoleran untuk menggiring persepsi publik dan memperlihatkan kegagalan pemerintah Indonesia.   Faktanya, sambung Alissa, tidak ada hubungannya antara kemiskinan dengan intoleransi. Pemahaman yang intoleran bisa dimunculkan di mana pun dan dengan siapa pun, terlepas dari status ekonominya.   Menurut dia, isu kemiskinan sering juga dikaitkan dengan utang negara. Alissa berpandangan, suka atau tidak, utang adalah tanggung jawab bersama sebagai bangsa Indonesia.   Walaupun demikian, ia tidak memungkiri bahwa penting bagi masyarakat untuk memilih pemimpin yang tepat, supaya pemerintahan bisa mengurangi beban utang negara.   ""Ketika kita sudah memilih pemimpin dan perwakilan di eksekutif dan legislatif, kemudian mereka menghasilkan produk kebijakan, harus diakui bahwa itulah keputusan kita bersama. Menjadi kewajiban bersama sebagai bangsa untuk mengelola kondisi ini, dan ini bukan alasan untuk kemudian kita bersikap intoleran kepada siapa pun. Intoleransi itu tidak ada hubungannya dengan kemiskinan,"" ucap Alissa.Pewarta: Fath Putra MulyaEditor: Chandra Hamdani Noor    COPYRIGHT © ANTARA 2023 ",politik
" Kamis, 30 November 2023 20:06 WIB",Pewarta: FauzanEditor: D.Dj. Kliwantoro  COPYRIGHT © ANTARA 2023,Airlangga: Rapat Dewan Pengarah TKN bahas isu strategis,"     Jakarta (ANTARA) - Dewan Pengarah Tim Kampanye Nasional (TKN) Prabowo Subianto-Gibran Rakabuming Raka mengadakan rapat untuk membahas isu-isu strategis yang akan disampaikan dalam rapat kerja nasional TKNpada Jumat (1/12).   ""Rapat membahas isu-isu strategis yang perlu disampaikan dalam rapat kerja nasional dengan TKN besok,"" kata Dewan Pengarah TKN Airlangga Hartarto di Kantor DPP Partai Golkar, Jakarta, Kamis.   Airlangga mengatakan bahwa rapat kerja nasional besok akan mengundang seluruh anggota TKN dan tim kampanye daerah (TKD) di Jakarta.   Rapat Dewan Pengarah TKN Prabowo-Gibran dihadiri beberapa pejabat, antara lain, Dewan Pengarah TKN Airlangga Hartarto, Ketua Umum Partai PAN Zulkifli Hasan, Sekjen PAN Eddy Soeparno, Ketua dan Wakil Ketua Umum Partai Gelora Anis Matta dan Fahri Hamzah, Ketua Umum Partai Prima Agus Jabo, Ketua Umum Partai Garuda Ahmad Ridha Sabana, Ketua TKD Jawa Barat Ridwan Kamil, dan Ketua TKD Banten Airin Rachmi.  Baca juga: TKN sebut Gibran punya persiapan matang untuk debat  Baca juga: TKN tak khawatir Prabowo-Gibran belum kampanye   Komisi Pemilihan Umum (KPU) RI pada hari Senin, 13 November 2023, menetapkan tiga bakal pasangan calon presiden dan wakil presiden menjadi peserta Pemilu Presiden dan Wakil Presiden (Pilpres) 2024.   Hasil pengundian dan penetapan nomor urut peserta Pilpres 2024 pada hari Selasa, 14 November 2023, pasangan Anies Baswedan-Muhaimin Iskandar nomor urut 1, Prabowo Subianto-Gibran Rakabuming Raka nomor urut 2, dan Ganjar Pranowo-Mahfud Md. nomor urut 3.   KPU juga telah menetapkan masa kampanye mulai 28 November 2023 hingga 10 Februari 2024, kemudian jadwal pemungutan suara pada tanggal 14 Februari 2024.Pewarta: FauzanEditor: D.Dj. Kliwantoro    COPYRIGHT © ANTARA 2023 ",politik
" Kamis, 30 November 2023 19:42 WIB",Pewarta: Narda Margaretha SinambelaEditor: Fransiska Ninditya  COPYRIGHT © ANTARA 2023,Sekjen Hanura Kodrat Shah meninggal dunia,"     Jakarta (ANTARA) - Sekretaris Jenderal (Sekjen) DPP Partai Hanura Kodrat Shah meninggal dunia, Kamis sore, pukul 17.30 WIB, di RS Abdi Waluyo, Kecamatan Menteng, Jakarta Pusat, Jakarta.   Ketua Divisi Kampanye Nasional Bappilu DPP Partai Hanura Jimmy Charles Kawengian,saat dikonfirmasi di Jakarta, Kamis, membenarkan informasi terkait berpulangnyasekjen Partai Hanura periode 2021-2024 tersebut.   ""Iya, benar, mohon doanya, mohon maafnya,"" kataJimmy kepada ANTARA.   Jimmy mengatakan Kodrat sempat dirawat di RS Abdi Waluyoselama enamhari sebelum menghembuskan napas terakhirnya.  Baca juga: OSO: Pemilihan Mahfud MD jadi cawapres Ganjar atas keputusan bersama   Dia menambahkan jenazah Kodrat, yang saat ini berada di Jakarta, akan diberangkatkan ke Kota Medan, Sumatera Utara, pada Kamis malam, pukul 20.00 WIB.   ""Beliau meninggal karena sakit dan malam ini,insyaallah,pukul 20.00 WIB akan diterbangkan langsung ke kediaman beliau di Medan dan akan dimakamkan dia sana,"" tambah Jimmy.   Jimmy menyampaikan keluarga besar Partai Hanura turut berduka cita atas kepergian Kodrat Shah. Dia juga memohon doa masyarakat agar Kodrat dimaafkan atas segala kesalahannya.  Baca juga: OSO ajak masyarakat Tionghoa tidak ragu terjun ke politik   ""Kami, keluarga besar Partai Hanura,sangat berduka cita, sangat kehilangan atas kepergian beliau, dan kami mohon doanya agar beliau husnul khatimah,dan beliau juga dimaafkan dan diampuni segala dosa-dosanya,"" ujarJimmy.   Kodrat Shah merupakan sekjen DPP Partai Hanurayang sebelumnya menjabat sebagai ketua DPD Partai Hanura Sumatera Utara.   Kodratjuga pernah menjabat sebagai Ketua Majelis Pimpinan Wilayah (MPW) Pemuda Pancasila Provinsi Sumatera Utara periode 2022-2027.  Baca juga: Ketum Partai Hanura klaim kepala suku di Kalbar dukung Ganjar-MahfudPewarta: Narda Margaretha SinambelaEditor: Fransiska Ninditya    COPYRIGHT © ANTARA 2023 ",politik
" Kamis, 30 November 2023 19:35 WIB",Pewarta: Hendri Sukma IndrawanEditor: Fransiska Ninditya  COPYRIGHT © ANTARA 2023,Cak Imin: Gimik lebih baik daripada cari kesalahan kompetitor," itu lebih baik daripada mencari kesalahan kompetitorJakarta (ANTARA) - Cawapres nomor urut 1Muhaimin Iskandaratau Cak Iminmenilai gimik politik lebih baik dilakukan peserta Pilpres 2024 daripada menyerang pasangan calon lain.   Saat blusukandi Chinatown, Glodok, Jakarta Barat, Jakarta, Kamis,Muhaiminjustru menekankan bahwa lebih baik pasangan calon menonjolkan keunggulannya masing-masing.   ""Biasa (soal gimik). Saya kira itu lebih baik daripada mencari kesalahan kompetitor,"" kata Muhaimin.   Dia justru berpendapat bahwa setiap pasangan calon presiden dan wakil presiden peserta Pemilu 2024 harus lebih menunjukkan keunggulan masing-masing dalam mengadu gagasan, visi, dan misi guna meraih suara rakyat.   ""Lebih baik kami saling menunjukkan keunggulan masing-masing,"" ujarnya.  Baca juga: Anies-Muhaimin berkomitmen permudah pembangunan tempat ibadah   Sebelumnya, Rabu (29/11), Wakil Kapten Tim Nasional (Timnas) Pemenangan Anies Baswedan-Muhaimin Iskandar (AMIN),Sudirman Said, meyakini bahwa pemilih dari kaum muda menginginkan kampanye politik yang lebih dari sekadar gimik politik.   ""Kami yakin, terutama generasi muda, anak-anak yang punya masa depan itu ingin lebih dari sekadar gimik, ingin lebih tebal, lebih punya isi daripada sekadar hal-hal yang sifatnya permukaan,"" kata Sudirman.   Timnas AMIN pun menawarkan gagasan yang lebih berisi kepada pemilih muda.  Baca juga: Timnas AMIN: ""Desak Anies"" upaya dekati kaum milenial dan Gen Z   Sudirman tidak memungkiri bahwa sebagian masyarakat masih menyukai gimik politik; tetapi, menurut dia, masyarakat sebaiknya tidak boleh berhenti pada titik tersebut.   Komisi Pemilihan Umum (KPU) RI telah menetapkan tiga pasangan calon presiden dan wakil presiden sebagai peserta Pilpres 2024, yakni Anies Baswedan-Muhaimin Iskandar dengan nomor urut 1, Prabowo Subianto-Gibran Rakabuming Raka nomor urut 2, dan Ganjar Pranowo-Mahfud MD nomor urut 3.   Masa kampanye juga telah dijadwalkan mulai 28 November 2023 hingga 10 Februari 2024, kemudian jadwal pemungutan suara pada tanggal 14 Februari 2024.  Baca juga: Cak Imin blusukan ke Chinatown JakbarPewarta: Hendri Sukma IndrawanEditor: Fransiska Ninditya    COPYRIGHT © ANTARA 2023 ",politik
" Kamis, 30 November 2023 19:09 WIB",Pewarta: Rizka KhaerunnisaEditor: Fransiska Ninditya  COPYRIGHT © ANTARA 2023,Mahfud sebut masyarakat akan menilai debat capres-cawapres," (saya) harus siap berdebat dan memperlihatkan kemampuanJakarta (ANTARA) - Cawapresnomor urut 3 MahfudMDmengatakanajang debat capres-cawapres merupakan bagian dari proses seleksi yang akan dinilai oleh masyarakat.   Mahfudmengatakan ketika dia bersedia menjadi calon pendamping Ganjar Pranowodi Pilpres 2024, maka dia juga harus mempersiapkan diri mengikuti debat capres-cawapres dalam masa kampanye.   ""Ketika (saya) bersedia menjadi calon, dengan segala yang ada (saya) harus siap untuk berdebat dan memperlihatkan kemampuan. Itu kanbagian dari proses seleksi oleh masyarakat,""kata Mahfud di Jakarta, Rabu.   Dia pun mengaku tidak ada persiapan khusus karenabelum mengetahui daftar pertanyaan yang diajukan dalam debat tersebut.  Baca juga: Ganjar-Mahfud siap ikuti debat Pilpres 2024   Meski demikian, Mahfudmengaku siap mengikuti debat dan mempersilakan masyarakat untuk menilai kemampuannya.   ""Nanti (kalau saya) siap pergi ke barat, (malah) ditanya urusan timur. Ya, sudah datang saja. Nanti masyarakat akan menilai,"" tambah Mahfud.   Sementara itu, capres Ganjar Pranowo jugamenyatakan kesiapannyamengikutidebat capres-cawapres. Ganjar mengakuakan melakukan persiapan denganmatang.   ""Ada pasti persiapan. Kami menyiapkan hal-hal yang sifatnya satu konsep yang utuh, yang sesuai visi dan misi,""kata Ganjar di Jakarta, Kamis.  Baca juga: Debat perdana capres-cawapres digelar di Kantor KPU RI   Meskipun sudah memiliki pengalaman dan rekam jejak yang bisa dilihat masyarakat, pasangan Ganjar-Mahfudmenyadari bahwa gagasan yang disampaikan dalam debat capres-cawapres harus bisa diimplementasikan agar dapat diterapkan dalam kebijakan dan dirasakan manfaatnya oleh masyarakat.   ""Tentu kami punya pengalaman yang bisa ditunjukkan kepada masyarakat, tetapi yang paling utama adalah bagaimana agar masyarakat yakin bahwa gagasan kami harus bisa diimplementasikan,"" ujar Ganjar.   KPU menetapkan lokasi debat pertama capres-cawapres peserta Pemilu 2024 di Kantor KPU RI, Jakarta, pada tanggal 12 Desember 2023. KPU baru menetapkan lokasi untuk debat perdana, sedangkan lokasi empat debat lainnya masih dalam pembahasan.   Debat capres-cawapres Pemilu 2024 akan dilakukan sebanyak lima kali dan semuanya dilaksanakan di Jakarta.   Setelah debat perdana, debat kedua dijadwalkan pada tanggal 22 Desember 2023, debat ketiga pada tanggal 7 Januari 2024, debat keempat pada tanggal 21 Januari 2024, dan debat terakhir pada tanggal 4 Februari 2024.  Baca juga: KPU cari moderator untuk debat peserta Pilpres 2024Pewarta: Rizka KhaerunnisaEditor: Fransiska Ninditya    COPYRIGHT © ANTARA 2023 ",politik
" Kamis, 30 November 2023 18:55 WIB",Pewarta: Muhammad RamdanEditor: D.Dj. Kliwantoro  COPYRIGHT © ANTARA 2023,KPU cari moderator untuk debat peserta Pilpres 2024," Sebisa mungkin yang sudah terbiasa menghadapi kamera.Jakarta (ANTARA) - Komisi Pemilihan Umum (KPU) RI masih mencari moderator untuk memandu jalannya debat calon presiden dan calon wakil presiden pada Pemilu 2024.   Ketua Ketua KPU RI Hasyim Asy'ari mengatakan bahwa butuh pertimbangan matang dalam pemilihan sosok yang dapat berfungsi sebagai penengah, penjembatan, pemandu, dan pengendali dalam debat agar berjalan lancar.   ""Sebisa mungkin yang sudah terbiasa menghadapi kamera. Akan tetapi, berdasarkan pengalaman, tampil di depan calon presiden dan para politisi itu tingkat groginya juga bertambah,"" ujar Hasyim dalam Rapat Koordinasi Persiapan Debat Pasangan Calon Presiden dan Wakil Presiden Tahun 2024 di Kantor KPU, Jakarta, Kamis.   Sejauh ini, KPU terus berkoordinasi dengan pemangku kepentingan, termasuk awak media, dalam menentukan moderator debat calon presiden dan calon wakil presiden.   ""Kalau ada usulan, boleh dan berikan lebih. Misalnya, harus 10 orang, teman-teman usulkan 11 orang,"" kata Hasyim.   Pada Pemilu Presiden/Wakil Presiden (Pilpres)2019, beberapa nama yang berprofesi sebagai jurnalis mengisi peran sebagai moderator, seperti Ira Koesno, Imam Priyono, Anisha Dasuki, Tommy Tjokro, Putri Ayuningtyas, Alfito Deannova, Retno Pinasti, Zulfikar Naghi, Balques Manisang, dan Tomy Ristanto.   Debat calon presiden dan calon wakil presiden akan diadakan sebanyak lima kali. KPU telah menetapkan lokasi debat pertama di Kantor KPU RI, Jakarta, 12 Desember mendatang.   Jadwal empat debat berikutnya pada tanggal 22 Desember 2023, 7 Januari 2024 dan 21 Januari 2024, serta debat terakhir pada tanggal 4 Februari 2024. Kegiatan ini dimulai pada pukul 19.00 WIB.   Debat capres/cawapres akan terdiri atas enam segmen, mulai dari pembukaan, pembacaan tata tertib, penyampaian visi, misi, dan program kerja, hingga segmen penutup.   Tema debat akan merujuk pada visi nasional yang tercantum dalam Pembukaan UUD NRI Tahun 1945 dan Rencana Pembangunan Jangka Panjang Nasional (RPJPN).   Tema spesifik untuk setiap debat capres/cawapres akan disusun bersama dengan panelis yang memiliki keahlian sesuai dengan bidangnya.   Debat dilakukan sebanyak tiga kali untuk calon presiden dan dua kali untuk calon wakil presiden. Hal ini sesuai dengan Peraturan KPU Nomor 15 Tahun 2023 Pasal 50 ayat (1). Namun, KPU masih dapat mengubah jumlah debat tersebut setelah berkoordinasi dengan DPR.  Baca juga: TKN sebut Gibran punya persiapan matang untuk debat  Baca juga: TII: Debat capres-cawapres bukan panggung untuk ""bersilat lidah""   Komisi Pemilihan Umum (KPU) RI pada hari Senin, 13 November 2023, menetapkan tiga bakal pasangan calon presiden dan wakil presiden menjadi peserta Pemilu Presiden dan Wakil Presiden (Pilpres) 2024.   Hasil pengundian dan penetapan nomor urut peserta Pilpres 2024 pada hari Selasa, 14 November 2023, pasangan Anies Baswedan-Muhaimin Iskandar nomor urut 1, Prabowo Subianto-Gibran Rakabuming Raka nomor urut 2, dan Ganjar Pranowo-Mahfud Md. nomor urut 3.   KPU juga telah menetapkan masa kampanye mulai 28 November 2023 hingga 10 Februari 2024, kemudian jadwal pemungutan suara pada tanggal 14 Februari 2024.Pewarta: Muhammad RamdanEditor: D.Dj. Kliwantoro    COPYRIGHT © ANTARA 2023 ",politik
" Kamis, 30 November 2023 18:47 WIB",Pewarta: Fath Putra MulyaEditor: Fransiska Ninditya  COPYRIGHT © ANTARA 2023,TKN sebut Gibran punya persiapan matang untuk debat," kita lihat saja nanti, begitu lohJakarta (ANTARA) - Ketua Koordinator Strategis Tim Kampanye Nasional (TKN) Prabowo-Gibran, Sufmi Dasco Ahmad, mengatakan cawapresGibran Rakabuming Raka memiliki persiapan matang untuk menghadapi debat yang digelar Komisi Pemilihan Umum (KPU) RI.   ""Sebagai seorang pemimpin yang sekarang ini juga sudah berkiprah di pemerintahan, lalu kemudian juga sudah mengikuti pemilihan kepala daerah yang dipilih langsung oleh rakyat, tentunya kami yakin bahwa Mas Gibran juga punya persiapan yang matang,"" kataDascodalam konferensi pers di Media Center TKN Prabowo-Gibran, Jakarta, Kamis.   Dasco pun menepis anggapan bahwa putra sulung Presiden Joko Widodo itu takut menghadapi forum debat. Menurut dia, Gibran sudah memiliki pengalaman dalam kontes pemilihan kepala daerah yang dipilih langsung oleh rakyat.  Baca juga: Gerindra: Putusan MK soal batas usia tegaskan legitimasi Gibran   ""Kalau bahwa ada anggapan-anggapan bahwa Mas Gibran,misalnya, takut debat, ya, kita lihat saja nanti, begitu loh. Kita lihat saja nanti,"" tambahnya.   Selain itu, pihaknya juga sedang menunggu formulasi debat yang akan diterapkan KPU. Dasco mendukung upaya KPU mengevaluasi formulasi debat agar dikemas lebih menarik.   ""Kami sebagai (tim sukses) pasangan calon, tentunya harus mengikuti peraturan yang ada dari KPU dan kami akan ikuti,"" kata Dasco.  Baca juga: TKN minta jangan lagi sebut pencalonan Gibran melawan hukum   KPU RI menetapkan lokasi debat pertama capres-cawapres peserta Pemilu 2024 di Kantor KPU RI, Jakarta, pada tanggal 12 Desember 2023.   KPU baru menetapkan lokasi untuk debat perdana, sedangkan lokasi empat debat lainnya masih dalam pembahasan.   Debat capres-cawapres Pemilu 2024 akan dilakukan sebanyak lima kali dan semuanya dilaksanakan di Jakarta.   Setelah debat perdana, debat kedua dijadwalkan pada tanggal 22 Desember 2023, debat ketiga pada tanggal 7 Januari 2024, debat keempat pada tanggal 21 Januari 2024, dan debat terakhir pada tanggal 4 Februari 2024.  Baca juga: TKN tak khawatir Prabowo-Gibran belum kampanyePewarta: Fath Putra MulyaEditor: Fransiska Ninditya    COPYRIGHT © ANTARA 2023 ",politik
" Kamis, 30 November 2023 18:46 WIB",Pewarta: Rio FeisalEditor: D.Dj. Kliwantoro  COPYRIGHT © ANTARA 2023,Mahfud: Minggu ini kampanye di Banten dan Jawa Timur,"     Jakarta (ANTARA) - Calon Wakil Presiden RIMahfud Md. berencana berkampanye di Banten dan Jawa Timur dalam pekan ini.   ""Besok iya, minggu ini. Jadi, besok pagi ke Pondok PesantrenMathlaul Anwar, itu di Banten. Besok lusa, 2 hari ke Jatim,"" kata Mahfud di kawasan Gondangdia, Jakarta, Kamis.   Mahfud menjelaskan bahwa bentuk kampanye saat berkunjung ke Pondok Pesantren (Ponpes) Mathlaul Anwar adalah silaturahmi.   ""Besok saya ke Banten, ke Pondok Pesantren Mathlaul Anwar. Silaturahmi saja bentuk kampanye saya. Nah, sesudah itu nanti ke Jawa Timur, ke Mataraman,"" kata Menteri Koordinator Bidang Politik, Hukum, dan Keamanan tersebut.   Beberapa daerah di Jatim yang akan dikunjunginya selama 2 hari adalah daerah tapal kuda atau daerah yang berada di bagian timur Jatim.   ""Besok lusa, 2 hari ke Jatim, ke Trenggalek, Jombang, lalu Situbondo, daerah-daerah tapal kuda,"" ujarnya.   Sebelumnya, pada hari pertama masa kampanye, Selasa (28/11), Mahfud Md. berkampanye di Kota Sabang, Aceh.   Dalam kampanye tersebut, Mahfud menginginkan agar guru ngaji bisa naik kelas dengan peningkatan kesejahteraan guna mewujudkan pemerataan kualitas pendidikan nasional.   ""Kami sudah cantumkan program unggulan untuk Aceh, yaitu Program Unggulan Guru Ngaji. Program itu akan menghitung secara cermat, menyediakan secara sungguh-sungguh dana untuk para ustaz,"" kata Mahfud dalam sambutannya pada kampanye bertajuk Tatap Muka Gerak Cepat Ganjar-Mahfud di Taman Pasi Jaboi, Kecamatan Sukajaya, Sabang Aceh, Selasa (28/11).  Baca juga: Mahfud MD: Anak muda punya peluang raih kemajuan  Baca juga: Mahfud: Bebas bersyarat Edhy Prabowo sudah sesuai aturan   Komisi Pemilihan Umum (KPU) RI pada hari Senin, 13 November 2023, menetapkan tiga bakal pasangan calon presiden dan wakil presiden menjadi peserta Pemilu Presiden dan Wakil Presiden (Pilpres) 2024.   Hasil pengundian dan penetapan nomor urut peserta Pilpres 2024 pada hari Selasa, 14 November 2023, pasangan Anies Baswedan-Muhaimin Iskandar nomor urut 1, Prabowo Subianto-Gibran Rakabuming Raka nomor urut 2, dan Ganjar Pranowo-Mahfud Md. nomor urut 3.   KPU juga telah menetapkan masa kampanye mulai 28 November 2023 hingga 10 Februari 2024, kemudian jadwal pemungutan suara pada tanggal 14 Februari 2024.Pewarta: Rio FeisalEditor: D.Dj. Kliwantoro    COPYRIGHT © ANTARA 2023 ",politik
" Kamis, 30 November 2023 18:42 WIB",Pewarta: Benediktus Sridin Sulu JahangEditor: Guido Merung  COPYRIGHT © ANTARA 2023,Presiden Jokowi dijadwalkan berkunjung ke Kabupaten Manggarai,"     Kupang (ANTARA) - Presiden RI Joko Widodo dijadwalkan melakukan kunjungan kerja perdana ke Kabupaten Manggarai, Pulau Flores Provinsi Nusa Tenggara Timur(NTT), pada Selasa (5/12).   ""Sesuai jadwal Bapak Presiden Joko Widodo melakukan kunjungan kerja untuk yang pertama kali ke Kabupaten Manggarai, setelah sebelumnya sempat tertunda pada 28 Oktober 2023 lalu,"" kata Sekretaris Daerah Kabupaten Manggarai Fansy Jahang ketika dihubungi di Ruteng, Kamis.   Pemerintah Kabupaten Manggarai, kataFansy Jahang telah melakukan berbagai persiapan menghadapi kunjungan Presiden Joko Widodo ke sejumlah lokasi seperti SMK St Aloysius Ruteng.   Selama berada di lembaga pendidikan yang dikelola Yayasan Katolik itu Presiden Joko Widodo melakukan dialog dengan para siswa/siswi setempat.   Selain itu, Presiden Joko Widodo juga akan melakukan kunjungan ke Pasar Inpres Ruteng dan berdialog dengan para pedagang serta melakukan pembagian bantuan tunai langsung dan modal kerja untuk pelaku UMKM.   ""Pemerintah Kabupaten Manggarai sudah siap menerima kunjungan kerja Presiden Joko Widodo, kunjungan ini merupakan yang pertama, setelah sebelumnya sempat tertunda pada Oktober 2023 lalu,"" kata Fansy Jahang.   Ia berharap masyarakat yang ada di Kota Ruteng, ibu kota Kabupaten Manggarai untuk bersama-sama menyambut kunjungan kerja Presiden Joko Widodo dengan menjaga kebersihan dalam kawasan kota Ruteng. Baca juga: Warga Ngada NTT pertama kali sambut kunjungan presiden di daerahnya  Baca juga: Presiden ke NTT tinjau proyek prasarana dan bagikan bantuan  Baca juga: Presiden Jokowi kunjungi Pelabuhan Tenau KupangPewarta: Benediktus Sridin Sulu JahangEditor: Guido Merung    COPYRIGHT © ANTARA 2023 ",politik
" Kamis, 30 November 2023 18:41 WIB",Pewarta: Narda Margaretha SinambelaEditor: Fransiska Ninditya  COPYRIGHT © ANTARA 2023,Kemenpan RB perpanjang masa pendaftaran Anugerah ASN 2023,"     Jakarta (ANTARA) - Kementerian Pendayagunaan Aparatur Negara dan Reformasi Birokrasi (KemenpanRB) memperpanjang masa pendaftaran Anugerah Aparatur Sipil Negara (ASN) 2023 hingga tanggal 13 Desember.   ""Instansi Pemerintah dari penjuru negeri diberi waktu yang lebih panjang untuk dapat mengusulkan ASN terbaiknya pada Anugerah ASN 2023. Seluruh ASN di pusat dan daerah memiliki kesempatan yang sama untuk menjadi Duta ASN selanjutnya,"" ujar Plh. Deputi Bidang SDM Aparatur Kemenpan RB Aba Subagja dalam keterangan yang diterimadi Jakarta, Kamis.   Anugerah ASN merupakan salah satu bentuk pengakuan dari Pemerintah bagi ASN yang telah berkontribusi secara nyata di organisasi maupun masyarakat luas.   Kontes tersebut diharapkan dapat menjadi sistem penghargaan yang memberikan kontribusi positif terhadap budaya atau iklim dalam suatu organisasi.   Lebih jauh, ajang tersebut diharapkan dapat meningkatkan motivasi jajaran ASN sebagai eksekutor kebijakan publik di seluruh pelosok Nusantara untuk lebih berkinerja dan berprestasi.  Baca juga: Menteri PUPR: Gedung Kemenko IKN sementara jadi ""sharing office"" ASN   Pendaftaran Anugerah ASN 2023, yang hadir dengan konsep mekanisme seleksi berjenjang, dapat dilakukan pada situs https://siana.menpan.go.id/.   Seleksi dilaksanakan berjenjang untuk instansi pusat dan instansi daerah, yang selanjutnya bersaing di seleksi jenjang nasional. Sebelum seleksi secara nasional, seluruh instansi Pemerintah diimbau untuk melakukan penilaian mandiri (selfassessment).   ""Hal ini bertujuan agar seluruh instansi Pemerintah dapat turut andil dalam Anugerah ASN,"" jelas Aba Subagja.   Instansi pemerintah dapat mengusulkan seorang ASN terbaiknya pada masing-masing kategori untuk bersaing pada Seleksi Jenjang Instansi Pusat atau Jenjang Instansi Daerah.  Baca juga: IKP Fest hadirkan bincang Bekasi Berani Lawan Hoaks Pemilu   ASN terbaik yang menjadi pemenang pada jenjang pusat maupun daerah tersebut selanjutnya akan bersaing pada seleksi jenjang nasional.   Tidak hanya mekanisme seleksi, kategori Anugerah ASN Tahun 2023 dibagi menjadi Jabatan Manajerial Terbaik dan Non-Manajerial Terbaik.   Kategori ManajeriaTerbaik bisa diikuti oleh Pejabat Pimpinan Tinggi (PPT) Madya, PPT Pratama, pejabat administrator, serta pengawas.   Sementara itu, kategori Non-Manajerial Terbaik terdiri atas Best Employee ASN (Fungsional Teknis dan Pelaksana), Dosen Terbaik, serta ASN dari jabatan fungsional. Kandidat jabatan fungsional dibagi menjadi jabatan fungsional bidang kesehatan, dan bidang pendidikan.  Baca juga: ASN Kemnaker teken Pakta Integritas Netralitas Pemilu 2024   Selain kedua kategori tersebut, terdapat pula kategori khusus yaitu jabatan fungsional bidang kesehatan dan jabatan fungsional bidang pendidikan yang diambil dari penghargaan Kementerian Kesehatan; Kementerian Pendidikan, Kebudayaan, Riset, dan Teknologi; serta Kementerian Agama.   Pada bidang kesehatan, terbagi menjadi dokter terbaik, bidan terbaik, serta perawat terbaik. Kandidat pada kategori tersebut diusulkan oleh Kementerian Kesehatan.   Kemudian, jabatan fungsional bidang pendidikan terbagi menjadi guru terbaik dan guru inklusi terbaik yang diusulkan oleh Kemendikbudristek dan Kementerian Agama.   Untuk mengikuti Anugerah ASN 2023, sejumlah persyaratan umum yang harus dipenuhi setiap calon kandidat adalah ASN memiliki rekam jejak jabatan, integritas dan moralitas yang baik; memiliki penilaian kinerja minimal kategori ""Baik"" selama dua tahun berturut-turut; serta memiliki inovasi atau prestasi yang berdampak bagi organisasi dan/atau masyarakat.   ""Kandidat yang diusulkan juga belum pernah mendapatkan dan/atau masuk dalam Top 3 Anugerah ASN,"" tambah Aba Subagja  Baca juga: Mengingatkan pose foto aparatur negara jelang Pemilu 2024   Penganugerahan bagi pemenang Anugerah ASN 2023 akan diserahkan oleh presiden pada bulan Juli 2024.   ""Bagi para pemenang Anugerah ASN 2023, nantinya akan dipertimbangkan untuk mendapat kenaikan pangkat luar biasa, menghadiri audiensi dengan presiden RI, menerima Piala Adhigana dan sertifikat, serta penghargaan lainnya,"" ujar Aba Subagja.   Untuk informasi lebih lanjut terkait persyaratan, tata cara pendaftaran, kriteria penilaian, mekanisme pelaksanaan, serta pedoman pelaksanaan lainnya, dapat diakses pada tautan: https://jdih.menpan.go.id/dokumen-hukum/KEPMEN/jenis/1787?KEPUTUSAN%20MENTERI.   Berikut jadwal rangkaian kegiatan Anugerah ASN 2023:  1. Pendaftaran oleh Instansi Pemerintah: 6 November-13 Desember 2023  2. Seleksi Jenjang Instansi Daerah dan Jenjang Instansi Pusat: 18-22 Desember 2023  3. Publikasi Finalis Road to Seleksi Nasional Anugerah ASN: 29 Desember 2023  4. Publikasi Pemanggilan Kandidat untuk Bersaing ke Jenjang Nasional: Februari 2024  5. Pelaksanaan Seleksi Jenjang Nasional Manajerial: Maret-April 2024  6. Pelaksanaan Seleksi Jenjang Nasional Non-Manajerial: Mei-Juni 2024  7. Pemberian Penghargaan Pemenang Anugerah ASN: Juli 2024  Baca juga: 121 ASN Pemprov Papua Barat terima Satyalancana Karya SatyaPewarta: Narda Margaretha SinambelaEditor: Fransiska Ninditya    COPYRIGHT © ANTARA 2023 ",politik
" Kamis, 30 November 2023 18:34 WIB",Pewarta: Narda Margaretha SinambelaEditor: Guido Merung  COPYRIGHT © ANTARA 2023,"Kunjungi KBRI Tokyo, Anas ajak birokrasi berdampak lewat RB Tematik","     Jakarta (ANTARA) - Menteri Pendayagunaan Aparatur Negara dan Reformasi Birokrasi (PANRB) Abdullah Azwar Anas mengunjungi Kedutaan Besar Republik Indonesia (KBRI) Tokyo, Jepang, Kamis.   Di hadapan Duta Besar Republik Indonesia untuk Jepang Heri Akhmadi dan para staf, Anas mendorong kerja-kerja birokrasi yang berdampak langsung ke masyarakat. Adapun reformasi birokrasi (RB) kini memiliki double track, yakni RB general dan TB tematik.   ""Terdapat empat area yang menjadi fokus utama RB tematik, yaitu penanggulangan kemiskinan, peningkatan investasi, digitalisasi administrasi pemerintahan, dan percepatan prioritas aktual Presiden,"" kata Anas dalam keterangannya di Jakarta, Kamis.   Ia menyebutkan empat area RB tematik akan didukung oleh digitalisasi pemerintahan lewat Sistem Pemerintahan Berbasis Elektronik (SPBE). Lalu, pelayanan publik akan menjadi menjadi lebih efektif dengan digital.   ""Reformasi birokrasi tematik ditopang digitalisasi pemerintahan. Pendekatan tematik digitalisasi pemerintahan mencakup transformasi pada tiga pilar utama yakni digital struktur, digital kultur, dan digital kompetensi,"" ujarnya.   Anas juga mengapresiasi peran strategis KBRI Tokyo dalam meningkatkan hubungan Indonesia-Jepang. Menurutnya, kerja-kerja KBRI Tokyo dalam mendatangkan investasi ke Tanah Air sudah sesuai dengan fokus RB tematik.   ""Kami menyadari pentingnya peran diplomatik dalam membangun hubungan antarbangsa yang harmonis. KBRI Tokyo, sebagai jembatan antara Indonesia dan Jepang, telah memberikan kontribusi besar dalam memfasilitasi investasi. Dan ini sejalan dengan RB tematik,"" jelas Anas.   Selain itu, untuk memastikan pelayanan publik hadir bagi masyarakat, Anas juga mengecek pelayanan di KBRI Tokyo. Ia pun kembali menyampaikan pujian kepada KBRI Tokyo atas berbagai inovasi pelayanan yang dilakukan.   ""Saya mengapresiasi kinerja dan komitmen dari staf KBRI Tokyo yang telah bekerja keras dalam memberikan pelayanan yang prima bagi WNI, memelihara hubungan baik antarnegara, mempromosikan budaya, perdagangan, sehingga memperkuat ikatan antara Indonesia dan Jepang,"" ungkapnya.   Mantan Kepala Lembaga Kebijakan Pengadaan Barang/Jasa Pemerintah(LKPP) ini memaparkan bahwa paradigma birokrasi harus diubah dari pemerintah mengatur masyarakat menjadi pemerintah bekerja bersama masyarakat.   ""Saatnya mengubah paradigma pembangunan. Sekarang harus berbasis data, program pemerintah didesain dan dilaksanakan berdasarkan pada kebutuhan warga atau citizen centric, dan terbuka pada kritik dan masukkan,"" tambah Anas.   Sementara itu, Dubes Heri menyambut baik kedatangan Menteri Anas. Ia berharap arahan dari Menteri PANRB dapat memacu kinerja ASN KBRI Tokyo.   ""Manajemen sumber daya manusia khususnya ASN sangat penting untuk meningkatkan daya saing bangsa kita. Kami berharap dengan kehadiran Bapak menteri bisa memberikan dampak bagi kami, khususnya memacu kinerja kami,"" pungkas Heri.  Baca juga: Dubes sebut gedung baru KBRI Tokyo etalase kebhinekaan Baca juga: KBRI Tokyo promosikan musik Indonesia pada komunitas diplomatik   KBRI Tokyo tercatat memiliki beberapa inovasi, yakni pertama, Dashboard Jaipong (Japan-Indonesia Partnership Lounge) yang merupakan inovasi diplomasi ekonomi. Kedua, Bootcamp for Indonesian and Japanese Technopreneurs (BIJTe) yang diselenggarakan untuk mendorong kolaborasi talenta digital Indonesia dan Jepang.   Ada juga inovasi ketiga yakni Layanan Rekam Biometrik e-KTP, dan keempat, Diseminasi Informasi Layanan Via Indonesia Friendship Day yang merupakan kegiatan promosi perdagangan, pariwisata dan investasi, serta pelayanan publik terpadu KBRI Tokyo yang diselenggarakan di 11 kota yaitu di Sapporo, Osaka, Sendai, Kumamoto, Kesennuma, Mito, Yokohama, Fukuoka, Shizuoka, Toyota, dan Okinawa.   Dalam kunjungan ini, Menteri Anas turut didampingi Sekretaris Kementerian PANRB Rini Widyantini dan Staf Ahli bidang Administrasi Negara Herman. Baca juga: KemenPANRBdukung RI jadi hub regional bigdata di Asia dan PasifikPewarta: Narda Margaretha SinambelaEditor: Guido Merung    COPYRIGHT © ANTARA 2023 ",politik
" Kamis, 30 November 2023 18:32 WIB",Pewarta: Donny AditraEditor: Fransiska Ninditya  COPYRIGHT © ANTARA 2023,Perusahaan di IKN harus fasilitasi pekerja pindah pemilih," itu masuk kategori pindah memilih dan kamisiapkan layanannyaJakarta (ANTARA) - Ketua Komisi Pemilihan Umum (KPU) RIHasyim Asy'arimeminta perusahaan yang sedang mengerjakan proyek pembangunandi Ibu Kota Nusantara (IKN) memfasilitasi pekerja mereka untuk pindah memilih pada Pemilu Serentak 2024.   Hal itu berlaku untuk pekerjadari luar Kabupaten Penajam Paser Utara dan Kabupaten Kutai Kartanegara yang tidak bisa pulang ke rumah mereka saat hari pemungutan suara pada tanggal 14 Februari 2024.   ""Kalau ada pekerja atau orang yang tinggal di sana, itu kan masuk kategori pindah memilih, dan itu kamisiapkan layanannya,""kata Hasyimdi Kantor KPU RI, Jakarta, Kamis.   Hasyim mengaku sudah berkoordinasi dengan pimpinan Badan Otorita IKN untuk meminta kepada perusahaan-perusahaan di sanauntuk segera mendaftarkan diri sebagai pemilih di IKN.  Baca juga: KPU DKI sediakan layanan pindah memilih saat HBKB di Thamrin   Hingga kini, lanjutnya, permintaan untuk memfasilitasi pindah memilih tersebut sudah masuk ke sistem KPU. Namun, dia tidak merinci berapa banyak yang mendaftar.   Hasyim menambahkan perusahaan yang mendaftarkan pekerjanya harus dipastikan telah memiliki nomor induk kependudukan (NIK).   Selain itu, para pekerja yang didaftarkan harus dipastikan apakah akan berada di IKN Nusantara atau tidak pada hari pemungutan suara Pemilu Serentak 2024.   ""Yang sudah ada namanya, by name (dengan nama), by NIK, yang sudah disampaikan oleh perusahaan-perusahaan itu kami persiapkan,"" jelasnya.   KPU RI terus berkoordinasi dengan KPU Kabupaten Penajam Paser Utara dan KPU Kabupaten Kutai Kartanegara untuk terus menyosialisasikan kepada perusahaan-perusahaan, yang sedang membangun proyek di IKN Nusantara, agar hak para pekerjanya untuk memilih bisa dipenuhi.  Baca juga: KPU RI: Pindah memilih harus diurus secara langsung   KPU RItelah menerima pendaftaran tiga bakal pasangan capres dan cawapres untuk Pilpres 2024, yakni Anies Baswedan-Muhaimin Iskandar, Ganjar Pranowo-Mahfud MD, serta Prabowo Subianto-Gibran Rakabuming Raka.   Pasangan Anies-Muhaimindiusung oleh Partai NasDem, Partai Kebangkitan Bangsa (PKB), Partai Keadilan Sejahtera (PKS), dan Partai Ummat.   Pasangan Ganjar-Mahfuddiusung oleh DPI Perjuangan, Partai Persatuan Pembangunan (PPP), Partai Perindo, dan Partai Hati Nurani Rakyat (Hanura).   Sementara itu, pasangan Prabowo-Gibrandiusung oleh Partai Gerindra, Partai Golkar, Partai Amanat Nasional (PAN), Partai Demokrat, Partai Bulan Bintang (PBB), Partai Gelora, Partai Garuda, dan Partai Solidaritas Indonesia (PSI), serta Partai Rakyat Adil Makmur (Prima) yang tidak lolos menjadi peserta Pemilu 2024.   KPU RI telah menetapkan masa kampanye pemilu mulai tanggal 28 November 2023 hingga 10 Februari 2024, sementara pemungutan suara dijadwalkan pada tanggal 14 Februari 2024.  Baca juga: KPU RI sebut publik dapat lapor pindah memilih lewat laman cek DPTPewarta: Donny AditraEditor: Fransiska Ninditya    COPYRIGHT © ANTARA 2023 ",politik
" Kamis, 30 November 2023 18:16 WIB",Pewarta: Khaerul IzanEditor: D.Dj. Kliwantoro  COPYRIGHT © ANTARA 2023,Jubir Timnas AMIN bantah mainkan isu pembangunan IKN," Jadi, bukan kami yang mau membuat menjadi bahan untuk mendongkrak.Jakarta (ANTARA) - Juru Bicara (Jubir) Tim Nasional Pemenangan Anies Baswedan-Muhaimin Iskandar (Timnas AMIN) Usamah Abdul Aziz membantah memainkan isu pembangunan Ibu Kota Nusantara (IKN) untuk mendongkrak popularitas pasangan calon (paslon) nomor urut 1.   ""Itu pertanyaan dari publik. Jadi, bukan kami yang mau membuat menjadi bahan untuk mendongkrak,"" kata Usamah di Jakarta, Kamis, ketika ditanya terkait dengan isu IKN yang belakangan mencuat.   Menurut dia, pertanyaan yang diajukan kepada Capres RIAnies memang beragam, salah satunya terkait dengan pemindahan Ibu Kota Jakarta ke IKN di Kalimantan.   Usamah menjelaskan bahwa isu tersebut bukan menjadi bagian untuk mendongkrak suara pasangan calon presiden/wakil presiden nomor urut 1, melainkan kegundahan masyarakat kepada calon presiden.   Ketika pasanganAnies-Muhaimin menang, kata dia, keberlangsungan IKN akan ditinjau kembali apakah berdampak positif atau tidak. Namun, karena itu undang-undang, tentunya harus libatkan semua pihak.   ""Selama ini Mas Anies sudah menjawab juga beberapa hal, yang sudah menjadi undang-undang akan dijalankan.Apabila nantinya memberatkan APBN, akan ditinjau kembali,"" katanya.   Sebelumnya, saat rapat Dewan Pakar Timnas AMIN terkait dengan keberlanjutan IKN, jikapaslon nomor urut 1 menang, tim akan melakukan evaluasi terlebih dahulu.   Ketika langsung diberhentikan, lanjut dia, itu tidak memungkinkan sebab IKN sudah diatur dalam Undang-Undang Nomor 3 Tahun 2022 tentang Ibu Kota Negara.   Ketua Dewan Pakar Timnas AMIN Hamdan Zoelvamengatakan bahwa pembangunan Ibu Kota Nusantara (IKN) masih dalam evaluasi. Namun, tidak mungkin dihentikan karena sudah diatur dalamundang-undang.   ""Jadi, tidak mungkin undang-undang itu dibatalkan denganperpu (peraturan pemerintah pengganti undang-undang),"" kata Zoelva.   Menurut Zoelva, yang menjadi fokus dewan pakar adalah terkait dengan ketimpangan pembangunan, antara di Jawa dan di luar Jawa, serta Indonesia bagian barat dan timur sehingga perlu ada pemerataan.   Untuk itu,Dewan Pakar Timnas AMIN akan menyiapkan program pengganti IKN dengan meningkatkan 14 daerah di luar Jawa agar dapat berkembang.  Baca juga: Anies-Muhaimin berkomitmen permudah pembangunan tempat ibadah  Baca juga: Anies janji akan bawa kerukunan Jakarta ke tingkat internasional   Sebelumnya, Komisi Pemilihan Umum (KPU) RI pada hari Senin, 13 November 2023, menetapkan tiga bakal pasangan calon presiden dan wakil presiden menjadi peserta Pemilu Presiden dan Wakil Presiden (Pilpres) 2024.   Hasil pengundian dan penetapan nomor urut peserta Pilpres 2024 pada hari Selasa, 14 November 2023, pasangan Anies Baswedan-Muhaimin Iskandar nomor urut 1, Prabowo Subianto-Gibran Rakabuming Raka nomor urut 2, dan Ganjar Pranowo-Mahfud Md. nomor urut 3.   KPU juga telah menetapkan masa kampanye mulai 28 November 2023 hingga 10 Februari 2024, kemudian jadwal pemungutan suara pada tanggal 14 Februari 2024.Pewarta: Khaerul IzanEditor: D.Dj. Kliwantoro    COPYRIGHT © ANTARA 2023 ",politik
