authors,comments
server provider3,"Kalo survei elektabilitas Ganjar selalu no 1, tetapi kalo poling manapun Anis selalu di urutan pertama."
Lely Nubhaeti,Ganjar mau jadi presiden jamin harga Lombok bawang kentang naik semu ongkos bis bensin turun hahahahaha
alfian hendra,Pak Ganjar RI 1 2024-2034
Arza Arza,siapa PDI p berarti masuk keluar dr kadang harimau masuk ke mulut buaya JD hati2 lah
Tia Hayati,PAnis â¤
Butun Adventure,Cie cie mimin upload polling capres bayaran ğŸ˜‚ğŸ˜‚ğŸ˜‚
Fagar Ari,Ganjar bolwh TOP1<br>Anies RI1 untuk 2024-2029
Asni Spd,"Itu serfei Abal Abal, masa kandidat hoby nonton felem porno tinggi elektabilitasnya"
Ronald Fadli,Hasill survey entahh dari manaa ğŸ˜‚ğŸ˜‚ğŸ˜‚ tiba2 Hasil begini. <br>Yg punya siapa. Yang bikin siapa. Yang ngisi survey siapa. ğŸ˜‚ğŸ˜‚ğŸ˜‚
Heru Heri ahmad,Prabowo muhaimin
Machali Machali,Survei koplak
Wahyudin Wahyudin,Hihihi....mau.ketawa takut dikira suka bokep....
dadang supriyatna,1survey abal2ğŸ˜‚ğŸ˜‚ğŸ˜‚
sandiwara,dimana ada buzer maka di situlah lembaga survei memenangkan pilihan para buzer
Ismail Triana,GANJAR PRANOWO<br>PRESIDEN RI.1.2024â¤<br>ZOOooossğŸ‘
david pirngadi,Saya dan anak2 dukung pasangan Anis-Sugik Nur ğŸ‘ğŸ‘ğŸ‘ğŸ‘â¤â¤â¤â¤
alek Karo,TOLAK Ganjar Perbowo!!!!? Persiden ku
Opah Siti,Pk gnjr kn selalu di atas nggk heran.
Sodik Abid,"Yes semakin menguat elektabilitas Bapak Ganjar Pranowo Calon Presiden RI 1,"
Putra Agung,Ganjar Pranowo the next president
Izal Bari,Mimpi d siang bolong survei ini
Hitung Mundur,"Alhamdulillah,  siapapun capres nya ok ,ASAL jangan yg punya track record memecah belah bangsa pinter ngomong no action dan ga ada hasil sperti Pak A itu ğŸ˜‚"
Salikun,GP capres cacat moral bisa unggul   <br><br>Pimpin jateng gagal  nyapres mau pimpin indonesia   survey qo bisa unggul     rakyat tdk buta tuli dan tolol    jangan tipu rakyat  jangan bodohi rakyat    Rakyat sdh cerdas
Salikun,survey abal abal    setingan <br>Survey bayaran     survey mnyesatkan  koplaakkk
Sumbar Jono,Klo anis Baswedan kurang merakyat lain dengan ganjar paling merakyat
Totok Miharto,Insya allah......hanya sebatas survey&quot;kalau realita berbanding terbalik
Reira Airani,Pak Ganjar memang cocok untuk RI 1
Junaidi Junet,Ga pa2 Pak Anies no3...presidennya ya...Pak Anies terbukti di pilgub.ğŸ˜‚ğŸ˜‚ğŸ˜‚
Gian Togok,Trus siapa yang milih ganjar kk bisa ungul iniğŸ˜‚ğŸ˜‚
Aceh Indonesia,"Dulu aceh raja nya asia namun karna berbaik pada indon aceh membantu indon supaya merdeka, karena soekarno berlutut pada aceh. Setelah aceh membantu apa yang dilakukannya semua harta aceh disikat. Demi kejayaan nusantara harus Anis yang jadi pemimpin supaya indonesia kembali bersatu"
Dani Boy,Waw mantap semakin yakin saya dan kelurga besar mndukung PK Ganjar mnjadi RI1ğŸ‡®ğŸ‡©ğŸ‡®ğŸ‡©â¤ï¸NKRI
Aceh Indonesia,Teknologi masih dipegang oleh PDI. Tapi rakyat tau presiden 2024 Anis Baswedan. rakyat akan saling bahu membahu surfei hasil ditempat
Aceh Indonesia,Anis tak bisa ditandingi
metal rock,Ganjar sama kang emil inget suara kang emil di jabar provinsi terpadat di indonesia lumayan kuat
Witanda Witandi,Kemungkinan Prabowo yg naik ri satu..
Tiyan #54,Madiun jatim Tetep prabowo
Abah Tea,Itu ls.ngimpi x ye dari mana Ganjar bisa no 1<br>Kebalik x PK Anis yg no 1<br>Ls.bayaran.
petualang chanelğŸ˜±,Ya Ganjar Prabowo lah Anis mh byk bohong
R. Endeh Rukmini,Enggk percaya .masa p Anies dimana tinggi simpatisan masa ke 3.survey mana dulu pk ditayangin di tv segala rakyat cerdas tidk akan liat dr survey.buktinya .
Jaguar Jaguar,"Pak ganjar the nex president, anis minggir ajağŸ˜†ğŸ˜†"
Mixeers Boy,ğŸ‰Ganjar Pranowo yes hanya beliau yg layak jadi pemimpin RI I  g perlu yg lain apalagi Anis baksetan g ada apa apanya mulut gede otak kecilğŸ˜…ğŸ˜…ğŸ˜…ğŸ˜…
Satria Piningit,Mudah2han ada Survey yang Independent dan Netral.
sandiwara,lo baru pake hp ya?
Satria Piningit,Survey bayaran pasti menangkan rezim...rakyat tidak bodoh
Achmad Kosasih,Insyah Allah pak ganjar pranowo so&quot;k jd presiden RI 2024 ğŸ‘
Daniella Srie Happy Gloria,"Pilihan PDIP merupakan langkah yg tepat (Untuk wakilnya harus orang yg tepat pula) Jangan sampai salah pilih wapres, Untuk wapresnya harus orang yg sejalan dengan ganjar, Hidup Ganjar Capres Pilihan Raktat Terbaik &quot;Glory Glory Ganjar Presiden&quot; GLORY GLORY GANJAR PRESIDENKU 2024"
Aceh Indonesia,PDI itu partai apa?
Munibul Anwar,Yakin 100â„… Si Rambut Putih Jagoan Jateng
Munibul Anwar,Waduh Mas Anies rendah Mulu
Heru Isdianto,"survey nya hebat, tpi kok ada  perasaan ketakutan di reezim ini"
Musrini Aku,Aku mileh pak Ganjar tros maju.
Musrini Aku,"<a href=""https://www.youtube.com/watch?v=ox1WDX7MHKQ&amp;t=0m13s"">0:13</a>"
Ibrahim Abdul Hamid,Insyalllah ganjar amin 2024
J,Jabatan pimpinan jadi apapun semuanya ada di atas TAQDIR Allah SWT siapapun gk akan bisa merubah  manusia cuman hanya sekedar rencana rencana &amp; rencana Allah Lah yg menentukan nya ( mudah2an yg jd orang no 1 Indonesia bisa jadi negara yg baldatun toyyibatun warobbun Ghofur NEGARA BAROKAH ğŸ¤²ğŸ¤²ğŸ¤²  ( Aurah wajah kayak nya BPK Subianto ada harapan )
Zeindita Zein,Ganjar - Mahfud â¤ğŸ˜Š
Hariyanto Yanto,Aduh ada yg ketar ketir neh bisa bisa musuh musuh bikin hoax dan fitnah kaya foto sama myabi...wkwkwk...
Sulas Hadi,Lembaga survey = Lembaga DUSTA
Maryam Rode,Pak ganjar mantap seluruh Indonesia mendukung pak ganjar penerus pak presiden jokowi melanjutkan program pembangunan seluruh Indonesia menuju Indonesia maju Rakyat makmur menjaga keselamatan bangsa Indonesia NKRI merdeka
Mamanya Laksmi,...judul selalu teratas....tidak bijak......saya pilih prabowo.. kita harus hormati semua pilihan yang beda.. kata pak prabowo : pak anis pak ganjar  kader kader terbaik bangsa juga..
Rosita Justianies,P Ganjar y plg trbaik dr y lain d sandi wkly d lht dr orgny trbaik luar dlm sopan santun trjga omgnny d BS d pegang  DM rakyat org ini rela berkorban apapun DM rakyat Indonesia y adil makmur aman d TDK korupsi
Mami Zizi,Sampai sekarang kami sekeluarga slalu mendukung pak Prabowo sampek 4x calon kami tetap pak prabowo<br>Karna yg tulus sama negara ini cuman pak prabowo
Rudi Chaniago,SURVEY DIBAYAR CUKONG&quot;&quot;!!! NGAK PERCAYA TUUUUHH&quot;&quot;&quot;!!
putra nusantara,ANIES  PASTI  MENANG
Annisa Icha,no comenğŸ˜…
YouTubers Pemula,SAYA TIDAK PERCAYA DENGAN SURVEI SURVEI ... ğŸ˜…ğŸ˜…
AA TV VLOG 21 bukittinggi,pak anis RI 1 2024
Ismi Farida,Mari KITA RAPATKAN BARISAN untuk MENJAGA NKRI dengan MEMILIH GANJAR PRANOWO sebagai PRESIDEN RI di PILPRES 2024. Merdeka Merdeka Merdeka
Pak Anton,Ganjar Pranowo â™¥ï¸â™¥ï¸â™¥ï¸
Ummu Salsa,Survei abal2....emang selalu rakyat udah di tanya i semua ???? Sehat selalu pak Anies Baswedan ğŸ™
Rezqiansyah Setyawan,Survei itu tergantung ğŸ˜‚ğŸ˜‚ğŸ˜‚
Jaka Jaya,Hasil survey Anies no 3<br>Tapi ditakuti rezimğŸ˜‚ğŸ˜‚
Naya Bkl,Ngarang dan ngaur gak masuk akal
Syukur Abidin,notonegoro lur yg langgeng
Mengenal Tuhan,Ganjar vs prabowo bakalan ketat
DAVIY OFFICIAL,Yes ganjar
Mario Superjoc,survey teratas kok masih mengkhawatirkan no 3?? aneh.. jangan2 abal2
asep sukandar,Klw ya suka bola pasti tau<br>.....ğŸ˜‚ğŸ˜‚ğŸ˜‚ğŸ˜‚ğŸ˜‚ğŸ˜‚ğŸ˜‚
Nur Rois,Pak ganjar pilahanku sekeluarga. Aku yakin tetap jagoanku pak gamjar.
Wiyan Yanti,Surve mu ning ndi...Rakyat indonesia pilih Anis baswedan  yo...
Yunus bin Akhmad Yani,Pa Prabowo.
kintul official,Top ganjar ğŸ‰
Anddo Pirmansa,Ttp pilih prabowo.ngk gntar
Tri Lampung,Ganjar Pranowo RI 1 putra terbaik bangsa Indonesia
Aqil Kurniawan,Anies tetap di hati â¤ğŸ¥°ğŸ‘ğŸ˜
Akbar Alamsyah,"Tetap dihati Anies Baswedan berpelukan dengan bukan muhrimnya dan istri orang, yg sudah jelas2 diharamkan oleh Allah SWT, dukunglah Anies Baswedan sampai akhir khayat ente bro"
Aqil Kurniawan,Alhamdulillah ganjar di atas ğŸ˜ğŸ‘ sudah jelas karena biaya kampanye nya lebih besar âœŠâ¤ï¸â¤ï¸â¤ï¸ tak lupa bersama partai nya puan Maharani ğŸ¥°ğŸ¥°ğŸ¥°
Aqil Kurniawan,Alhamdulillah ganjar di atas ğŸ˜ğŸ‘ sudah jelas karena biaya kampanye nya lebih besar âœŠâ¤ï¸â¤ï¸â¤ï¸
P.S Putranto,"Survey pilihan capres oleh lembagaÂ² survey tidak sepenting uji berita.satu, sebagai pembanding cukup lewat youtube ini saja.., buktikan..!!!"
Mahesa Jenar,Saya sebagai rakyat kecik sudah muak dg janji&quot; kampanya para capres... Dari semua pemilu banyak capres&quot; yg mngumbar janji politik tapi setelah menjabat belum tentu bisa menepati janjinya... Karena setiap kali ganti pemimpin mereka pasti tidak melanjutkan program pemimpin terdahulu.
Muhammad Rizky,Pak Ganjarrr yess
I0S,"Siapapun presiden, mudah mudahan amanah. ğŸ‡®ğŸ‡©â¤â¤â¤"
Nur Setiawan,Ganjar siji Ganjar kabeh ğŸ‰ğŸ‰ğŸ‰
Iswantoro Yudi,Pak GANJAR pancen ğŸ‘ğŸ‘ğŸ‘ngetennnn
Bunyamin Bin Yahya,Ini akan semakin meningkat seiring waktu berjalan karena rakyat dan bangsa Indonesia sudah lelah dengan segala macam persoalan yang dihadapi negri ini terutama sekali yang berkaitan dengan yang berbau radikalisme dan politik identitas.. Rakyat dan Bangsa Indonesia sangat merindukan politik santun dan berkepribadian dan mengedepankan sebuah gagasan yang luhur dan itu semua hanya ada dan hanya dimiliki oleh sosok seorang anak bangsa yang paling relevan untuk itu.. yaitu Mas Bro Ganjar Pranowo
Mentari Di upuk timur,Survei bohongan untuk menarik simpati rakyat.
Eby Saputra,Pertanyaan nya ini lembaga survei lewat mana mereka mengsurvei kita rakyat biasa di sini aja belum pernah tuh di tanya satu persatu apa pilih pilpres anda kok bisa tau taunya unggul ğŸ˜…ğŸ˜…ğŸ˜‚ğŸ˜‚ğŸ˜‚ğŸ˜‚ğŸ˜‚ğŸ˜‚ğŸ˜‚ğŸ˜‚ğŸ˜‚
Nasrul Nr,"Saya orang Sulsel, mayoritas di sni mendukung Anies tpi saya tetap mendukung Ganjar,, walaupun sebelumnya saya kadeer Nasdem"
Min Chyun,Jangan lupa Bismillahâ¤
Yoga Reynanda,Prabowo pemimpin terbaik dan sangat cocok jadi presiden RI ya lain masih amatir
Ausie 74,Survey electabilitas Anak-anak ğŸ˜€ğŸ¤£ğŸ˜€
Hola75,Tak ada yang menarik
Abe_89,Bismillah ganjar
Uchox Nasution,Prabowo bagus tapi sudah kurang produktif karena faktor usia. Ganjar bagus dan produktif...
Uchox Nasution,Alhamdulillah...
Erik,Klu sy lebih yakin dg Pak Anis
Mella 124,"Rakyat GK butuh survey,,"
Mella 124,"Klo GK jadi ngamuk,atau berkata curang,karena survey tinggi,jgn salahin rakyat,salahin yg survey loh"
Menclank Geming,CUMA PAK ANIES YG LAYAK JD PRESIDEN RI 2024....SMART N GAK  PLONGA PLONGOğŸ‘ğŸ‘ğŸ‘
N Meci,Jadi ingat pilgub dki. Hasil survey anies ditempatkan di urutan buncit tapi akhirnya jadi pemenangğŸ˜‚ğŸ˜‚
Verolista Safitri,Ganjar yes..
Ahmad Hasibuan,SurveyğŸ˜‚ğŸ˜‚ğŸ˜‚
Azrul Azis,Survey independe diindonesia timur untuk anis<br>Sullawesi selatan 87%<br>Suawesi tenggara 75%<br>Sulawesi tengah 66%<br>Sulawesi barat 80%<br>Sulawesi utara 35%<br>Maluku tengah 45%<br>Maluku utara 70%<br>Maluku tenggara 40%<br>Papua  35%<br>Papua barat 57%
Ady Bdg,Iya udah iya ğŸ˜­ğŸ˜­ğŸ˜­ğŸ˜­
MatiusTony Samara,Ganjar RI 1 yes
kata bijak99,Prediksi angin saya tetap prabowo
kata bijak99,Prabowo presidentâ¤
angga putra,Semoga pak ganjar jadi presiden dunia maya.AMINNN
Mutiara Islam Official,Presiden palestina
Hari Yunal,Bolehlah fanatik..tp ga gitu2 amatlah..buka mata.pasang telinga..udh jelas2 gak ad kemajuan eeeee malah didukung jg.jangan salahkan pemerintah nantik kalau negri ini tambah ancurrr
Hari Yunal,Saya pilih p.Anis baswedan
Mustaqien Mustaqien,"Warga wadas di tindas kenapa elektabilitas ganjar yg di atas...  <br>Bos sayuran saja ketika di pasar pasti mencari untung, apalagi bos lembaga survei..  <br>Alhmdllah rakyat sudah semakin cerdas"
Aji Purnomo Ashter,Ganjar akan Tumbang di lap ke 2
Mburi Omah Studio,Emang ngaco survey&quot; ky gini
Siswanto Susilo,Yang penting bukan anis..
Totok Malaon,Survei bayaran yang punya uang banyak pasti di UNGGULAKAN.
Dwiky Darmawan,Ganjar pranowo Andika perkasa
Dwiky Darmawan,Ganjar pranowo Andika perkasa
Dwiky Darmawan,Ganjar pranowo Andika perkasa.
Dwiky Darmawan,Semoga pak Andika perkasa dicalonkan jadi wakil Pak Ganjar pranowo.!
nataliuss,Top Ganjar Pranowo. Asli pribumi
Adhi Suwedi,Sufay gj netral
Hafiz Bungo,Asal jgn anis yg masuk ke putaran ke 2..
Amanda Chanel,Porno akan larisğŸ˜‚ğŸ˜‚
Garong Anggaran,Ente kandrun ğŸ˜ğŸ˜ğŸ˜
Susatio,Pilihan saya<br>Presidennya Mahfud MD<br>Wapresnya Gibran raka bumi
Rifky Prayoga,Prabowo mahfud
Erwin Zulkarnain,Waw survey nya dimana itu?ğŸ˜‚
Solder Bengkong,Apa pun presiden nya kita tetap makan nasi.. Memilihlah krn kerja nya bukan karna janji2 nya.. Karna Semua Kandidat fanatik dan tidak melambangkan bineka tunggal ika jadi saya tidak memilih semua..
Batam Botania,Ganjar  2024
Sulastri Sulastri,"Ya memang paling cocok pak ganjar gesit, lincah mirip pak jokowi"
Ngatemi Aja,Antaaap p ganjar
Tanda Tambunan,Masuk akal
pain akatsuki,"Sebaiknya prabowo dan anis tidak usah capek capek buang buang duit waktu dan tenaga ikut capres, percuma karena pemilu mendatang akan seperti pemilu yg lalu, kecurangan terjadi dmn mana, terutama di daerah terpencil, PDIP, Megawati dan polis sebagai loyalis dan tunduk sepenuhnya kpd perintah mega akam berusaha dgn cara apapun untuk menang. Yg pasti polis tidak mau klu prabowo jadi presiden itu jelas"
Baby Iog,Prabowo sih.percya banget sama beliau
Tele Mbeseng,NTT merasakan pembangunan Pak Jokowi...auto pilih Ganjar utk meneruskannya
Sean martinez,"Makjoss Ganjar ,pribumi asli â¤ï¸"
75 tahun,"2024 milik Prabowo. Pilihan paling aman dengan resiko paling minim. Anies cuma jadi bahan uji coba Nasdem. Tujuan utamanya mengerek perolehan suara partai. Ganjar, sudahlah. PDIP terlalu offside karena ulah ugal-ugalan Jokowi. Bakal jatuh perolehan suara Ganjar."
Vivo Y21,"hrus berani mengambil kebijakan baru dan nuansa yg tdk melupakan  kebijakan pak jokowi, saya lebih percaya dgn pak prabowo sbg presiden selanjutnya.."
Koi Iwak,"Prabowo saatnya diberi kesempatan  memimpin negeri ini,, prabowo orang jujur dan iklas"
Anjing Pisan,Ketiga tapi selalu di takuti oleh gerombolan oligarki
MadSu,Cukup Timnas dan Sungai saja yang di Naturalisasi kl Presiden tetap yg bukan Naturalisasi
Aji Pangestu,Pa Prabowo Subianto jgn egois jadi wapres Ganjar saja kalou benar tujuanya ingin memakmurkan rakyat Indonesia dan Indonesia maju
Tele Mbeseng,NTT dukung penuh Pak Ganjar
Yanteio Channel,Faktanya pak prabowo bkalan the next president
Yus Yus,Hidup probowo
Eza Rahmat,"Ada yang lebih baik dari anis &amp; prabowo,  Ganjar terbukti 2x terpilih menjadi gubernur jawa tengah tanpa politik identitas dan tanpa kampanye hoax dan udh berhasil mengungguli elaktibilitas puan yang didukung elit partai bahkan untuk jateng dan jatim udah mengalahkan elaktibilitas prabowo puan anis dan airlangga dan nantinya akan menundukkan anis &amp; prabowo di pilpres karena Ganjar memang cerdas dan mampu menjadi pemimpin nasional bismillahhirohman Ganjar menjadi presiden RI 2024amin ya robbal alamin"
Wawan Karnawan,"Belum tahu pak Anis ya,lihat nanti,waktunya gak bakala ada photo sy di situ."
Agus Mulyadi,Mlih  ganjar biar melanjutkan  pembangunan  jokowi  lanjutkan
sugi indriyono,Insyaallah Alloh PDI Perjuangan.menang untuk calon Presiden Ganjar Pranowo
muhammad fathoni,Pendukung Ganjar = cebong<br>Pendukung anies.  = Kadrun<br>Kira kira nama buat pendukung Prabowo apa ya ???
Besama Zalukhu,Pak. Ganjar ğŸ‘
dadang rifaldi,"survei opo toh, memangnya kalian percoyo survei"
Uti Mq,InsyaAllah ganjar amanah melanjutkan perjuangan pak jokowi
Butun Adventure,Amanah mensahkan uu nonton video porno ğŸ˜‚ğŸ˜‚ğŸ˜‚
Andi Amiruddin,Sekali Anies tetap Anies survey abal2
Bapak supri Oke,Survai pesanan oligargi (bayaran)
Rivai J S Hutagalung,Bagusnya duet kan aja prabowo ganjar..
Gunawan Sulistiantara,Saya sarankan ganjar berpasangan dgn ade armando saya jamin deh 95% menang mutlak ğŸ¤£ğŸ¤£ğŸ¤£ğŸ‘ğŸ‘
Gunawan Sulistiantara,ğŸ¤£ğŸ¤£ğŸ¤£ğŸ¤£ğŸ¤£ğŸ¤£ğŸ¤£ğŸ¤£ğŸ¤£ğŸ¤£ğŸ¤£ğŸ¤£ğŸ¤£ğŸ¤£ğŸ¤£ğŸ¤£ğŸ¤£ğŸ¤£ğŸ¤£ğŸ¤£ğŸ¤£ğŸ¤£ğŸ¤£ğŸ¤£<br>Lembaga survei hajingan kok dipercaya
santa ahmed,Ganjar â¤â¤ğŸ‡®ğŸ‡©ğŸ‡®ğŸ‡©ğŸ‘
Boy Boy,<b>GANJAR PRANOWO PRESIDEN KE 8 NKRI</b> ;^
al Kausar,Relawan pak jokowi harus kompak kita menangkan ganjar pranowo pilpres 2024. Kinerja pak jokowi harus diteruskan.
å§Šå§Š,Ganjar Pranowo gaspol
merdeka hero,Survey di jawa tengah.
Ade Hidayat,Survey abal2
Iskandar Muda,GASSS terusss PK ganjar
Djulianto Rochadi,Pilpres Tahap-I: Ganjar &amp; Prabowo lolos putaran pertama. Lanjut Pilpres Tahap-II: Prabowo unggul karena pemilih Anis mayoritas akan pilih Prabowo.
Rdn Nids,Dulu pemilih Prabowo blm terpecah aja buktinya kalah.
anjrit Lah,"Sumpah saya ga percaya survey 100 persen,,semua yg ada di yotub,,bisa femanipulasi,,co,,rkya sudah pada pintar sekarang,,percuma di acrakn di tipi klw saya asli ga percaya surfey"
Rio Rio,Wkwkwk masih percaya entee sama survei surveii?? Hahahhaha
Muklas kartono,Sebaiknya Ganjar Prabowo gabung klo Prabowo kekeh RI 1 perkiraan saya Prabowo kalah lagi
Siswanto,GANJAR â¤
Eliandi Tjung,GANJAR PRANOWO RI 1ğŸ‘ğŸ‘ğŸ‘ğŸ‘
ngaji ndeso,Tapi ganjar nesti kalam lawan anis.dalam final karena akan di kerubut.
Edi Sutoko,Ganjar bossss
satrio paningit ragiel gowor. Am,bismillah pak ganjar penerus pak jokowi amin pengalaman memimpin jujur kerja nyata fakta bukan kata kata
ASAL NGOMONG,"DUKUNG GANJAR ğŸ‘ğŸ½ğŸ‘ğŸ½ğŸ‘ğŸ½<br>MASA KITA MAU DUKUNG ANIES ??? Juga PRABOWO <br><br>MAU TAHU TTG ANIES ??<br>LIHAT SAJA SPT APA YG DIKERJAKANÂ  GUBERNUR LAMPUNG SAMA2Â  JD GUBERNURÂ  TAPI KERJAAN NYA TIDUR2 SAJAÂ  DIATAS DANA APBDÂ  YG DI KUASAI ...<br>HANYA BEDANYA DANA APBD YG ANIES KUASAI ITU LBH GEDE DR DANA GUB LAMPUNG ...<br>UENAK TENAN JD ANIES : DANA 86 TRILIUN/ THNÂ  X 5 THN..HANYA BUAT PATUNG2 / TUGU2 SEPATU , TUGU PETI MATI , REVISI TROTOARÂ  DI SUDIRMAN DAN SKITARNYA , REVISI JEMBATAN DI DAERAH SUDIRMAN DAN SKITARNYAÂ  , BUAT JIS YA HANYA 1 TRILIUN SAJA , FORMULA E YG TDK MENGUNTUNG KANÂ  ,Â  DP O% YG TDK UTK RAKYAT MISKIN ( mana ada rakyat miskin punya gaji 14 juta/ bln , syarat bs beli rusunawa ?? )Â  Â  , NATURALISASI TDK DI KERJAKANÂ  alias : 0% , PENDAPATAN 15% SEHARUS NYA DI TERIMA DKIÂ  UTK PENJUALAN REKLAMASI DI HILANGKAN SUMBER DANA TSB , GANTI NAMA JLN N RUMAH SAKIT....ITU SAJA YG DI KERJAKAN, SOAL BANJIR N MACET...NGUMPET DIA<br><br>SDNG KAN MILIH PRABOWO : <br>KATA AHMAD RIZA PATRIA YG MEWAKILI GERINDRAÂ  BERUCAP : <br>RAKYAT INDONESIA HRS DIPIMPIN OLEH MILITER +Â  BERHUBUNG SKRG NEGARA2 ASING SDH SALING BERPERANG , MAKA MRK MEMPERSIAP KAN NKRI UNTUK IKUT SERTAÂ  BER PERANG JUGA.<br>NAH TERNYATA GERINDRA TDK PUNYA NIAT N AKAL CERDAS JADI PEMIMPIN YG MAMPU IKUT SERTAÂ  MENDAMAIKAN DUNIA...NGERI BUKAN RAKYAT DI KUASAI MILITER + RAKYAT INDONESIA DI KORBANKAN UTK MENGHADAPI PERANG DUNIA KE 3;.<br>GERINDRA SENDIRIÂ  SALAH MENGERTI TTG TUGAS2 SUCIÂ  MILITERÂ  SEBETULNYA UTK MENGAMAN KAN RAKYAT N NEGARA N TURUT SERTA MENDAMAIKAN DUNIA, WAH MASA DEPAN NEGARA INI SUASANA NYA AKANÂ  TERCEKAMÂ  N DI TAKUT2 I TERUS KLO BEGITU<br>Dan MASA LALU PRABOWO ADALAH TURUT MENGHILANG KAN PARA AKTIVIS 98 YG SAMPAI SKRG TDK TAHU KEBERADAAN KUBURAN MRK....itulah REKAM JEJAK MASA LALU PRABOWO....<br>MAU INDONESIA KAYA MYAMAR ????<br><br>DAN dariÂ  kelompok Anies n PrabowoÂ  TERNYATAÂ  KELOMPOK INI ADALAH KELOMPOK GOLKAR yg di pecah dgn Nama2 Partai Nasdem , Partai Gerindra , Partai Demokrat dll....<br>JD SBETULNYA YG BERTARUNG INI ADALAH : <br>PDI P YG NASIONALIS , YG INGIN NKRI INI MAJU N MAKMUR VS GOLKARÂ  YG REKAM JEJAK NYA HANYA CINTA TAHTA NÂ  HARTA NKRI."
Biyono,"RAKYAT NGGAK BUTUH SRVEY,RAKYAT HANYA PAK ANIS LAINNYA NGGAK SUNIK"
Nunung Roniah,Presiden 1gk ad noda korupsi korupsinya banyak gimana jdi presiden .presiden itu yg berpendidikan tinggi .dri muda dh cerdas dh berpretasi.di kenal sama dunia berbahasa inggris oke .GK planga plongo.sesama beragama saling menghormati .jdi gubenur rakytnya sejahtera pembangunannya maju.tu Mash ad awal korupsi yaaa
Udin Lumban Raja,Ganjar P
Antoso Djoko,Si rambut putih selalu diatas sambil leyej leyeh nonton film bokep (penderita sosiopath)
ayufri,kok bisa dia yg teratas
Hadi Salim,"Great news, yg penting asal bukan yaman ayat mayat."
A,Bisa 85% jika Pak Ganjar bersanding dengan Deni Siregar atau Ade armando sbg Cawapresnya.ğŸ‘ğŸ‘ğŸ‘ğŸ‡®ğŸ‡©ğŸ‡®ğŸ‡©ğŸ‡®ğŸ‡©
Mustaqien Mustaqien,Amin
Rdn Nids,Bisa 89% bila Pak Anies bersanding dengan Sugik nur sbg cawapresnya ğŸ˜ƒğŸ˜ƒğŸ˜ƒ
Su Marman,Bohong terus dasar kena Azab dosa besar
Garam dapur,Tidak menjamin hasil survey akan menentukan hasil akhir
Kucang Lada,Cuan cuan lembaga survey
Infomase,Survey merusak tatanan demokrasi
Nagan Channel,POLITIK
Wahyu O'connor Motovlog,GAS POLL ( GANJAR ALWAYS POKOKNYA LUR ) ğŸ˜ğŸ˜ğŸ˜ğŸ˜
Wahyu Bima,Survey ame pooling ki podo rak? Kok kebalikannya hslnya
Awaludin paty Awal,Pak Ganjar adalah kita ğŸ‘ğŸ‘
Hendra Chandra,Survei mah permainan lembaga aja siapa yg paling kuat bayar mereka untuk jualan atau endorse.. media jg sama siapa yg kuat uangnya itu yg di viralkan terus ğŸ˜‚ğŸ˜‚<br>Kami sudah tidak mau tertipu lagi mau survei apapun itu
septi ana,Mugo&quot;pak ganjar dadi presiden 2024 amin ya robbal alamin
Pakde War,Pak Ganjar Pranowo memperoleh suara 63% lebih
Pakde War,WASPADALAH  jurus ayat mayat akan tampil kembali. Jangan sampai kenak tipu muslihat dengan berbagai cara dusta
Ridwan Sbg,Gimana Ganjar ndak teratas terus... <br>Kami para pecinta Bokep ya dukung Ganjar krn satu hoby... <br>Bokep semakin terdepan... ğŸ˜…ğŸ˜…ğŸ˜…ğŸ˜…ğŸ˜…ğŸ˜…
Monyeng Icha,Pendukung wan abud ketar ketir
Nurmala Nur,Tenggelamkan calon rezim ini Sngt berbahaya bgi banggsa n negara.calon rezim pemecah belah vmmt
AdiMulkanny,Media jangan di percaya kata prabowo
airlangga jaya wardana,Anies ya...
airlangga jaya wardana,Anies... Yg terbaik untuk jdi presiden R1
airlangga jaya wardana,Anies yg santun
airlangga jaya wardana,Anies yg pintar
airlangga jaya wardana,Anies yg bersih
airlangga jaya wardana,Anies oke
airlangga jaya wardana,Anies yess
Jejen Jaenudin,"Pilpres dua putaran, pemenangnya prsbowo, pemilih anis di putaran pertama akan memilih prabowo"
adrian channel,Anies yes
Rustam Vivi,Survey abal2 ini
@Ilmy71,"Lembaga survey, mana yg VALID, di poling survey TVONE, capres ANIS UNGGUL,...TERUSS"
jejak tikus,Ini yang ditayangkan selalu survey 3 pasang calon. Yg head to head ditampilkan belakanganğŸ˜‚ğŸ˜‚
Heri Alfaridzi,Palsu
Gulo Sona,"Yang penting bukan Anus, eh anis..ğŸ¤ªğŸ¤ª"
Zulkarnain Kaur,Semoga PDIP dan partai koalisinya serta Pak Jokowi semakin inten utk mengampanyekan Ganjar sbg capres !
Sofyan Wijaya,Survei Survei Bullshit
Amirudin Saleh,Saya yakin pak prabowo presiden di 2024.amin
Ahmad Faizin,"Lembaga survei ini semua gentayangan, seolah olah yg di survei itu benar..!"
Dudi Darmayon,Survei  abal abal... Haram
Dudi Darmayon,Nyatanya  Ganjar  nyungsep
Fudin Nisa,"Tidak percaya,"
Nday 17,ğŸ˜‚ğŸ˜‚ğŸ˜‚ğŸ˜‚
Muhamad Ayra,"Ya elah rakyat udah pinter bro mana emas, mana perak"
Muhamad Ayra,Preeetttttt
Muhamad Ayra,"KOMPAS TV, BTV GITU LOH. CUMA NANYA SIAPA YG DISURVEY"
Nur Wati,Abal-abal ğŸ˜…ğŸ˜…ğŸ˜…ğŸ˜…ğŸ˜…
Ardi Aja,Ogah milih calon yg suka nonton barang haranm
Ardi Aja,"Kenapa ya ganjar suka nonton bokef,  padahal dlm islam haram"
Mamad,Coba kalau kalian berani langsung polling terbuka.. ğŸ˜…
heden jaya,"Pak ganjar sy dukung di pasangkan sama pak ahok,pasti gol mimpin indonesiaâ¤"
Dwiky Darmawan,Ganjar pranowo Andika Perkasa
Riad Sidik,Pikada dki terulang lagi survei survei bermunculan keyataan pakta sama realita jauh tau tau yg buncit yg bisa menang
Iwan Apriliyanto,KETURUNAN YAMAN BERBAHAYA UNTUK NKRI...
Okezone RO,Yang cerdas pasti dukung pak ganjar
Riza Aspahani,Hari gini masih ada yg percaya Lembaga Survey ğŸ˜…ğŸ˜…ğŸ˜…ğŸ˜…ğŸ˜…<br><br>Lucuuuuu....ğŸ˜…ğŸ˜…ğŸ˜…ğŸ˜…
saran pribadi,Lebih baik percaya sama tukang sulap dari pada tukang survei
sunnyxx_cutie,Semoga terus meroket pak Ganjar
Next Time Bro,Cuma Di Indonesia Presiden Menang Sebelum Di CoblosğŸ˜‚
Dafa Dafa,Surve apa an ini rakyat yg milih bukan partai hidup Prabowo
ashary ghina,Ganjar pranowo gaspol
fajar gunawan,Prabowo Presiden ğŸ‡®ğŸ‡©
Bowo Rumekso,Survey versi tim sukses ğŸ˜‚ğŸ˜‚
basori adi,"Pola Pilkada DKI sedang berjalan reborn. Semoga Allah swt melindungi beliau dari kejahatan tangan2 kotor bayaran, hamba2 iblis yang anti kebenaran."
alam ghoib,Ganjar mantap
Muhammad Reza afandy,prabowo maju terus. insyaallah kami sekeluarga akan mendukung
hadir slalu,Sukses slalu pak Ganjar Pranowo ğŸ‘
Olhex Odhex,Anies tetap di hati
Sofyrizal 007,"Survey sekarang masyarakat udah tak open lagi karena bisa dibeli, he, he, wsdlm"
Syahwan Rama,Ko Anis gak maik2 sih <br>Kan sudah pke tenaga Surya
Hermawan Salim,"UMAT KRISTEN AKAN MEMILIH CAPRES YG MAU MENCABUT SKB 3 MENTERI.<br>DENGAN SYARAT HITAM DI ATAS PUTIH, DI SAKSIKAN OLEH PARA PENDETA INDONESIA.<br>SELURUH SUARA UMAT KRISTEN 30% DARI JUMLAH PENDUDUK INDONESIA.<br>CUKUP BANYAK, CAPRES YG BERMINAT SILAKAN MERAPAT KE PSI."
Herjianto Media,Cuma bisnis politik doang kalau masih ada threshold 20 persen
Sri ningsih Sei ayu,Semngat pokonya BPK Ganjar Pranowo RI 1 lajutkn kerja BPK persiden Jokowi
alghazjatta radeya,"Silahkan bebas tinggiin survey sendiri, aq sih ga percaya survey"
Nafeeza Nafeeza,Pak anies baswedan mantap
smantv,"Lembaga survey misal data yang masuk 100 untuk calon A, tpi yg diinputkan 10 misalnya, indikatornya apa ya? Kan hanya independensi dan moralitas saja yg bisa mencegah. Siapa yg bisa mencegah kejadian itu!?"
eko yuwono,GANJAR TETEAP TERDEPAN...YANG LAIN KETINGGALAN...!!!
Cipto Parmono,"HANYA. BP.PRABOWO SUBIANTO, YANG SIAP MENGAYOMI RAKYAT. DEMI KEMAKMURAN. PRESIDEN RI .TH.2024."
One Heart,"1 putaran aj,,, kebanyakan biaya kalo 2putaranğŸ˜‚ğŸ˜‚ğŸ˜‚"
rudi hartono,"Ganjar gasssssss ,presiden 2024"
Stay Weird,Pak ganjar
Jansrul Djaja,100% Ganjar pasti menang 2024 ğŸ‰ğŸ‰ğŸ‰ğŸ‡®ğŸ‡©ğŸ‡®ğŸ‡©ğŸ‡®ğŸ‡©ğŸ‘ğŸ‘ğŸ‘ğŸ™ğŸ»ğŸ™ğŸ»ğŸ™ğŸ»
Omega Dua,Pak ganjar pranowo.
MR EDAN,"GANJAR LANJUTKAN ,"
Angga Setyo,Wkwkw
Aji Suci,Sayang Btv..siaranya  ga tertangkap didaerah Banyumas Raya.
eko wijay,"Lha wong survei pesanan....propaganda utk mempengaruhi dan menggoda pikiran orang agar milih ganjar....padahal ganjar faktanya mengumbar bahwa dirinya penggemar pornografi nonton film bokep dan merasa tdk bersalah, hal itu dia sampaikan di depan publik...bisajadi ganjar ada gangguan moral"
Aris Wahyu,Ganjar semakin dihati
Joice Lennon,Prabowo is my Voting 2024
Masjun Kendal,â¤â¤â¤â¤GANJAR.... &amp; PRABOWO.. ğŸ‘ğŸ‘ğŸ‘ğŸ‘ğŸ‘...... BAMBU MESUM 500 juta.... Setahun di BONGKAR.... ohhh tidak..... Cukup JAKARTA Korbannya.. ğŸ˜®ğŸ˜®ğŸ˜®
Besi Tua,Klu Ganjar ingin menang harus ada selisih 10% lebih tinggi dari pada Prabowo.. klu kurang dari 10% kemungkinan Ganjar akan kalah dengan Prabowo d putaran ke 2.<br>Nama y juga prediksi ğŸ˜…
Mamanya Laksmi,"â€‹@bakayaro_16 saudaraku stop polarisasi... karena narasi narasi spt itu, saya tidak pilih pak ganjar . Saya pilih pak prabowo.. kita semua anak bangsa, stop polarisasi...kita riil contohkan rekonsiliasi"
bray,â€‹@bakayaro_16mending pilih puan jadi cawapresnya suara mic aja dimatikan orang lagi demo di aja malah ngrayain party didalam ruangan oia ganjar itu dari partai mana ya
bakayaro_16,Si wowo akan kalah di putaran kedua krna kadrun merapat ke wowo<br>Siapapun yg di dukung kadrun akan nyungsep<br>Dan projo akan kembali lagi ke ganjar
Gelsy and genia,"Lah iyo klo putaran kedua suara anis gha akan ke ganjar,. ğŸ˜…"
Karsiono 005,"Pak Ganjar pas banget ,jadi RI ,1,ğŸ’ŸğŸ‡®ğŸ‡©ğŸ’ªğŸ™ğŸ™ğŸ™"
Laurentius Samosir,"Kaum nasionalis benteng NKRI! Mari kita kepalkan tangan dan singsingkan lengan baju. Kita menangkan Bung GANJAR PRANOWO menjadi Presiden NKRI penerus VISI, MISI, dan PROGRAM-PROGRAM Presiden Joko Widodo untuk INDONESIA MAJU.<br><br>Ganjar Pranowo yang paling dekat dan sangat perduli dengan wong cilik seperti Jokowi. Ganjar Pranowo itu relijius dan anti radikalisme. Ganjar Pranowo Presiden NKRI 2024. <br><br>Ganjar Pranowo tidak ada kaitan dengan rejim otoriter ORDE BARU yang akan melahirkan kembali kejahatan dan kekejian ORDE BARU."
ROHMAT RORI,Alhamdulillah....<br>Semangat SELALU UNTUK Mendukung Dan Memilih Pak Ganjar Pranowo â¤ï¸ğŸ™ğŸ’ªğŸ‡®ğŸ‡©ğŸ‡®ğŸ‡©ğŸ‡®ğŸ‡©ğŸ‡®ğŸ‡©
gonzales 1927,Alhamdulillah....
Laurentius Samosir,"Kaum nasionalis benteng NKRI! Mari kita kepalkan tangan dan singsingkan lengan baju. Kita menangkan Bung GANJAR PRANOWO menjadi Presiden NKRI penerus VISI, MISI, dan PROGRAM-PROGRAM Presiden Joko Widodo untuk INDONESIA MAJU.<br><br>Ganjar Pranowo yang paling dekat dan sangat perduli dengan wong cilik seperti Jokowi. Ganjar Pranowo itu relijius dan anti radikalisme. Ganjar Pranowo Presiden NKRI 2024. <br><br>Ganjar Pranowo tidak ada kaitan dengan rejim otoriter ORDE BARU yang akan melahirkan kembali kejahatan dan kekejian ORDE BARU."
Krisna Preset,Ganjar pranowo OKE.....
jul yani,"Jika anis kalah di putaran pertama, saya yakin prabowo menang. Dikarnakan suara anis pasti pindah ke prabowo. Tapi ganjar tetap msih bisa bersaing"
Rakyat Bersuara,"Aneh bin Ajaib. Survei dengan Sampel 1000 orang di jadikan pegangan. ğŸ˜‚<br>Sementara Poling Terbuka ( memberi suara langsung) oleh ratusan ribu, bahkan Jutaan orang ga di jadikan indikator  elektabilitas siapa tertingi. Lucu ga coba??ğŸ˜…ğŸ˜…. Akal sehat mana yg bisa terima???. ğŸ˜‚<br>1000 sampel VS Ratusan Ribu poling terbuka. Memberi suara langsung??.<br>Masa TIMNAS Menang 10 kosong. Tapi dihitung 1 kosong. ğŸ˜‚ğŸ˜‚. Ya tuhan...."
A10 Duos,Bayar uang brapa lembaga surve nyağŸ˜‚ğŸ˜‚ğŸ˜‚ğŸ˜‚
sdz,"Hasil Survei Independen hasilnya tdk jauh beda bila pilpres diselenggarakan.  Kalo sdh tau potensi menang besar,  ngapaen milih yg elektabilitasnya rendah. Gitu lho logic simple nya.  Ayok merapat ke Ganjar wahai kln yg masih raguğŸ˜Š"
Rakyat Bersuara,"Sudah lah jangan lagi bikin rakyat ngakakğŸ˜…. Sekarang bukan tahun 2019. Hampir 270.juta Rakyat Indonesia semua udah pada pegang HP dan telah melihat dimana mana, bahwa bukan survei tapi Poling terbuka di Semua medsos., mulai dari  facebook, tiktok, Youtube.dengan Respon poling terbuka  ratusan ribu orang. Bukan sampel seribu orang. Dan dimana mana Hasinya Anis menang Telak 80â„… sampa 90ğŸ˜…ğŸ˜…ğŸ˜…. Sampaikan Ke Yg Endors Ganjar  dan prabowo. Ga usa terlalu panik undang ketum ketum partai sana sini Untuk kalahkan Anis. ğŸ˜…ğŸ˜‚ğŸ˜‚. Ntar publik menilai terlalu kelihatan Panik karena Kekuasaan akan segera Runtuh 2024.ğŸ˜…"
Delta Pujangga,jangan mengulang sejarah arogan...ayoo  dukung Prabowo Presiden
Ahmad Rifai,Semoga menang semua
jhonny tupan,"Rakyat indoneisia tidak meliat lagi serfei tingal meliat ,2024 tetap prabowo presiden ini kan permainan bola ,u20"
Lalu Nas,"Mantap pak ganjar, mudahan amanah jujur, merdeka"
Fajar Nugraha,Survey abal abal
MUST WE WITH,Pilihan boleh beda tapi masyarakat yg cerdas pilih yg benar2 berprestasi
jonbudi,ok
Awe Tiga,"Prabowo orang yang tepat untuk memimpin negeri ini setelah jokowi mengatasi konstetalasi  global. Pertarungan global, perekonomian global. Maaf, anies dan ganjar belum punya kapasitas itu. Pemimpin merakyat beda dengan pemimpin Berjiwa negarawan untuk rakyat. Prabowo Negarawan untuk rakyat. NKRI harga mati.. 2024 Prabowo presidenğŸ‡®ğŸ‡©"
Awe Tiga,"@Karsiono 005 menjadi daerah kolam renang terluas ğŸ˜‚, biarkan banjir pak gub nanti surut sendiri yg penting tiktokan dulu toh"
Awe Tiga,"@ITE WAHYU apakah mendukung israel untuk kepentingan kelompok pribadi seakan membela nega islam. Bicara islam itu si ganjar suka nonton bokep, piyeeğŸ˜‚, seorang pejabat publik sosok panutan suri tauladan"
ITE WAHYU,"@Awe Tiga mungkin penjajahan di atas dunia itu terkhusus untuk israel kali..<br>Kalau mau nolak rusia karena penjajahan efek nya ga signifikan <br>Tapi efek dari nolak israel itu buntut nya indonesia gagal jadi tuan rumah pildun <br>Negara rugi,generasi muda rugi,mau memerdekakan negara orang, tapi tertindas di negara sendiri oleh rakyat sendiri"
Awe Tiga,"@ITE WAHYU banyak yg bilang berjiwa nasionalis karena bersikap penjajahan diatas dunia harus di hapuskan, kilas balik ke G20 kok pada diam kehadiran rusia ya"
ITE WAHYU,"Terus kabarnya indonesia rugi triliunan garÂ² pak ganjar,,tidak mau menerima israel pada pildun u20"
maryati 123,MANTAP MASEEEEE GASPUOL
Tiger Vega,Jadi ingat survai waktu pemilihan gubernur DKI..di saat itu pendukung pak ahok amat sangat percaya diri secara dari PDI pasti akan menang pak ahok.karna hasil survainya slalu peringkat teratas dan pak anis terendah.tapi tangan allah akan melindungi dan di beri kelancaran ke pada pemimpin yg bersungguh sungguh utk rakyat.ternyata pak anis menang....allah akan slalu melindungi pemimpin yg benar2 niatnya hanya utk rakyat....<br>innsaallahâ˜ğŸ¼
Indra Safri,Pilih yg petugas rskyat jangan petugas parte bang
Aceh Indonesia,â€‹@Zulkifli Siregar oke anda bijak
Aceh Indonesia,Semoga komunis bisa dihapus oleh Pak Anis
Aceh Indonesia,Jika Anis tidak unggul jelas itu permainan
Aceh Indonesia,Anis jelas pilihan rakyat
deAthoo_Channel,"Prabowo Capres terkuat, head to head thd ganjar maupun anis pasti akan menang"
Tom Jerry,Kalau saya jadi tukang survei elektabilitas Anis B  pasti saya katakan Anis B yg teratas...
backbone,@Tom Jerry lahh...buktinya apa?
Tom Jerry,@backbone kalau memilih presiden lain dari Anis siap2 untuk di bohongi lagi...
backbone,Anies bohongin warga jakarta dgn buat strategi marketing rumah dp 0 Rp yang bulshitttt....ğŸ‘
muhammad Nur Syams,Anies Rasyid Baswedan presiden kita 2024
Supri Adi,"Kq elektabilitas parpol angkanya 28,9% semua...... ğŸ‘ğŸ‘ğŸ‘ğŸ‘ğŸ‘"
Noldy auna,Anies Baswedan Ok
Noldy auna,Anies Baswedan Ok
Ira Wati,â¤ter ganjar ganjar
mukhlis amir,Pak ganjar duwet sama pak giring saya yakin surveynya pasti tambah meroket
Eliandi Tjung,GANJAR PRANOWO RI 1ğŸ‘ğŸ‘ğŸ‘
UNTUNG S,Ganjar penerus pak dek ğŸ’ª
Imam Syafi i,Siap pilih pk ganjar
Fadlon RJ.A,Kmi di Aceh 80%mendukung pak anies
Nurhidayat,ğŸ¤ŸğŸ¤Ÿ
mas thofik,Joss ganjar
S. Lukman244,"Survey abal&quot;, pecah perut para lembaga survey kekenyangan.."
Joss Ivan M,PRABOWO TETAP TERBAIKğŸ‘ğŸ‘..
gunawan liwijaya,Ganjar tetap di hati
Margaretha Yohana,Pilih Ganjar dong....â¤
arsyah saputra,Gass pool pak ganjar.....
suprapto tewel,"Walaupu paling kecil &amp; terendah Survei y, tapi Anies paling di takuti&#39; &quot;Anies ğŸ‘"
Kim myungdae,Alhamdulillah selamat Pak Ganjar
Wawan PJ,"Hebat LSI cerdas sesuai dg pikiran saya. Yg saya baca juga begitu. Pada akhirnya prabowo yg akn menang. Klo ingin satu putaran ya ganjar hrs mengalah untuk jd cawapres prabowo. Megawati hrs Mengalah skli2, kn prabowo sdh buktikan disiplin dirinya dan memgalahnya, sekrng gantian dooong. Masa cuma bisa nyuruh saja kpd orang untuk sabar, tp dirinya tdk sabar2. Apa kata dunia."
putri,Basis prabowo disemua kalangan.pdi sdh ketar ketir jika prabowo masuk pencalonan
putri,Putaran kedua terjadi
Hamikua Aja,Ganjar Ganjar next ï¼ŒRI 1
Deni Aja,ARaB  (  Anis Rasid Baswedan )   Pas...
Sumber Mandiri,Lakon metune keri tanpa gembor2 ganjar yesss
Gigih Berbakti,Ganjar Pranowo yes.....subianto no
Sutik No,"Sekali ganjar tetap ganjar   yg lain,,, NO,,,!!!!!"
Pak Warjo,Kaum buruh sama driver truk Indonesia gabung Ganjar
Lioe Fung,No  1  prabowo  presiden  nkri .petugas  rakyat  th  2024 ...gerindra  menang  â¤â¤â¤
Juse Mink,"Kenapa saya pilih bapak Anis Baswedan sebagai presiden, karena hanya di tangan beliaulah RUU perampasan aset koruptor bisa di sahkan, kalau jokowi gak akan berani karena partai nya yaitu PDIP menolak keras undang-undang tersebut begitu pun ganjar pranowo, yang sama sama di usung PDIP, secara pribadi saya himbau kepada seluruh warga negara indonesia yang menginginkan perubahan untuk kesejahteraan bangsa ini marilah kita secara suka rela mendukung koalisi perubahan agar koruptor bisa di tindak secara maksimal karena telah menyengsarakan hidup orang banyak di negeri ini"
Juse Mink,"@backbone faktanya arteria Dahlan menjegal RUU perampasan aset tersebut bahkan diruang rapat DPR dan di hadapan kemenkuham, Arteria itu adalah kader PDIP, yang anda bangga banggakan itu, menurutku PDIP itu adalah sarang koruptor"
backbone,"Lahh...emangnya untuk mensahkan UU itu cuman didukung oleh satu partai, perlu juga partai lainnya bro karena khan musyawarah untuk mencapai mufakat/ dengan pemungutan suara anggota dewan dari semua partai...jadi jangan menuduh partai pdi p gak.mendukung UU perampasan aset cuy!!!"
Ernawati 03,Prabowo yes
ana sobirin,Skali prabowo tetap prabowo
Dudi Prayogo,Insyaallah Anies Baswedan menjadi presiden RI 1 di tahun 2024
Kunci Yayan,"Yg surfe nya di bawah biasanya bakal menang telak,"
Josh.F Tambunan,Pak ganjar the real penerus pak jkowiâ¤
Josh.F Tambunan,@Mocci Occ itu perintah konstitusi partai&amp;negara kita utk tak bersahabat dgn palestina bos ğŸ˜’
Diki Aditri,Menolak Lupa Pildun Indonesia yang gagalğŸ˜®
Yogi Suwarno,Aurvey bayaaran ngak aeauai fakta laapaangan
Iyan Sopyan,"Wkwkwkwk<br>Survei bayaran,<br>Rakyat gak ada yg percaya lagi"
Ganda Simanjuntak,Selalu..!! ??? Dasar penipu..
adiva official,"Klo 3 Capres trus 2 Putaran,..Ganjar jangan Berharap Menang."
Sahat Napitupulu,Dan akan tetap semakin naik dari waktu kewaktu sampai pendaftatan ke KPU.  Satu putaran..
La ode Sukman,Surfei ji
CREATORS709,Survei nya 1 2 tapi seperti takut sama nomor 3 ğŸ˜‚ğŸ˜‚ğŸ˜‚ğŸ˜‚
Pangat Bador,Pak Ganjar Pranowo Yeeeeeeess.....ğŸ‘ğŸ‘
Agus Sulaiman,Hari gini masih percaya survei
Mama Dhanie,Tetap Pak Ganjar pranowo â¤
Sao Dah,Pilih kang Ganjar gk bakal menyesal
La' Viory,Semoga saja dukungan utk bpk Ganjar Pranowo semakin bertambah byk utk menuju RI.1
N Meci,@Iswantoro Yudi wah ngaku aja kalah. cari2 alasan.
dapit nurpalah,@Iswantoro Yudi kalo di negara Republik Indonesia itu negara yang sangat demokratis. Beda dengan negara +26 Konoha banyak setingan dan titipan ğŸ¤£ğŸ¤£
Iswantoro Yudi,@N Meci waduuu...hasil begalan....andai ahok gk kna kasus pasti menang ahok bro
Iswantoro Yudi,@dapit nurpalah kayak hidup lu aja udah disetingğŸ˜‚ğŸ˜‚ğŸ˜‚
N Meci,Jadi ingat pilgub dki. Hasil survey anies ditempatkan di urutan buncit tapi akhirnya jadi pemenangğŸ˜‚ğŸ˜‚
AH OK,Yg pasti 2024 PARTAI ORBA NEW CUSTOM VS PARTAI WONG CILIKğŸ˜Š
moh giri,CERVEI ABAL ABAL ...<br>RAKYAY SUDAH PINTAR JANGAN KALIAN BODOHI MIN .
Guno Gumowongso,Ganjar pribumi asli prabowo campuran cina anis yaman yg pasti pati urip melu ganjar pro rakyat yg tak punya masalah yg setuju lek sebanyak banyaknya
IQBAL,Kami mendukung penuh pak ganjar.... Semoga succes.
Fahrur Rozi,Kok Sik manis smkin mnrunğŸ˜‚ğŸ˜‚ğŸ˜‚
Uun Nurhayati,"Jangan memaksakan diri, hanya buang uang rakyat, tolong pangeran dunia detik ini cuma 1ğŸ‘ğŸ’¯ğŸ™ please lihat medsos please..."
Uun Nurhayati,"Udah jangan pura2 buta, dan bodo semua orang baik anak-anak kecil dan dewasa serta orang tua tinggal lihat medsos, please jangan bodoh atau pura2 buta liat medsos sekarang please...mks"
Uun Nurhayati,"Lihat medsos, jangan memaksakan diri, pangeran dunia detik ini 1 tidak banyak, tolong ngapain cuma buang waktu dan uang pemerintah daerah dan pusat tolong lihat medsos please...mks"
Rafanda 2018,ora milih ganjar
Abdul Chanel,"5,7 % sampai 8,7 % 2024 ganjar yes"
Nazfudin Zaky,JARJI ganjar siji ganjar kabeh â¤
Pangat Bador,Siaaaaap....Ganjar Pranowo Notonegoro...ğŸ‘ğŸ‘
Rafanda 2018,ora
Shafa Phone,Anis mundur aja dr pada nanti malu.
Manan Sidikk,Hoax gx nih...wkwkwk
Embahfreedom,Sejarah mencatat presiden tetap  dari jawa ini fakta bukan Hoax<br>Suku apa saja dari nusantara bisa jadi presiden asal ada gerbongnya ada dukunganya pasti bisa jadi presiden  NKRI.
Dapur IJT tv,Ha ha sorve Abal Abal
Dapur IJT tv,Prabowo yessss 2024
Boy Andiek,"Head To Head Ganjar Pasti Keok ğŸ˜€ğŸ˜‚<br>Di pilpres Kali Ini Saya Akui,Prabowo Yang Di untungkan.karena Dia Diposisi Tengah. Biar Cebong &amp; Kampret Gak Terbelah trs, slalu Narasi Kebencian Mulu."
moh giri,Servei bohong ... emange rakyat bodoh kalian bhongi.
merkurius band,Ganjar ğŸ”¥ğŸ”¥ğŸ”¥ğŸ”¥
Farianus Bereck,Ganjar Pranowo RI 1
Siganteng Kalem,Siaapa yg disurpeynya bos...dari dulu yg disurpeynya orang itu itu juga...hasilnya ya pasti sama ..dasar surpey abal abal
Lehon Abhid,ganjar RI 1
Agus Salim,Survei abal abal tuh
Mahmudin Mahmudin,Alhamdulillah anies semoga konsisten sampai selesai pemilu diposisi buncit.
adel,"Waspada jangan berpuas diri dulu, tetap kita berusaha semaksimal mungkin meninggalkan jauh Prabowo dan Anies.. diprediksi pilpres dilakukan 2 putaran , ingat pengalaman Pilgub dulu di Jakarta dimana BTP dikalahkan saat putaran kedua digelar.....!!?"
adel,"Ingat pengalaman Pilgub Jakarta , dimana BTP cs dikalahkan Anies cs pada putaran kedua dgn politik identitas nya , waspadalah , jangan berpuas hati , tetap berusaha ...!!!"
Mawar Merah,Doa dr RAKYAT INDONESIA Smg ALLAH mengirimkan  pak GANJAR jadi presiden RI....<br>AMIN...ğŸ¤²ğŸ¤²<br>ALLAH maha kuasa....<br>ALLAH mh adil....<br>Klo ALLAH sdh berkenhendak pak GANJAR jadi Presiden siapa yg bisa menghalangi....??<br>Mamusia manapun  gak bisa menghalangi...!!<br>Paham km....!!<br>â˜ï¸â˜ï¸ğŸ’¥ğŸ’¥
Ked Mulyana,Ganjar selalu memimpin
Tirta Aruem,Puji Tuhan mga yg jdi no 1 terus pak Ganjar Pranowo yg jdi presiden 2024 Amiin3
Erwin Santoso,Maaf saya tidak yakin dan ragu dng survei2 itu.....coba adakan survei atau polling live terbuka jadi semua orang bisa ikut survei.....
engelhart bental,Gp presiden 2024
Heru Budi,"alhamdulillah, inshaAllah di 2024 pilih Pak Ganjar."
Aqil Kurniawan,Alhamdulillah ganjar di atas ğŸ˜ğŸ‘ sudah jelas karena biaya kampanye nya lebih besar âœŠâ¤ï¸â¤ï¸â¤ï¸
sulastri lastrii,Alhamdulilah pa Ganjar <br>Pasti persiden ğŸ‘
Zainal Wahid,Selalu teratas karna titipan dan dibayar
å‰å¤§çš„ä¸­åœ‹,"Prabowo ataupun Ganjar, yg penting bukan Capres pungutan impor.."
backbone,Ganjar aje ah
Mawar Merah,Alhamdulillah pak GANJAR sll unggul survaynya....!! ğŸ™ğŸ™ Ya....ALLAH ğŸ¤²ğŸ¤² tolonglah rakyat INDONESIA ini kirimkanlah pemimpin yg benar2 iklas &amp; tulus untuk memimimpin &amp; melayani RAKYAT Indonesia....ya ALLAH.....ğŸ¤²ğŸ¤²<br>Pak GANJAR ....â˜ï¸â˜ï¸ğŸ‘ğŸ‘yg sll di tunggu2 Rakyat Indonesia smg engkau kirimkan ya ALLAH.....!!<br>AMIN....ğŸ¤²ğŸ¤²
Nelson Nelson,Ganjar P
Tarsan Auo,Prabowo menang 2024
Naim Sheva,Salam metal bos Ganjar<br>..kembali reborn.
Bang Baron,Kadrun pasti klojotan
Adi Eff,Ganjar penerus program jokowi. Ayo rapatkan barisan dukung ganjarâ¤
Adi Eff,@Rafanda 2018 bukit barisan ğŸ˜
Rafanda 2018,barisan apa
Khairil Anwar,Non sen ganjar selalu diatas
M rifaldy alanda,Lawan berat pak ganjar prabowo kalo anis sekelas pilgub aja masih bisa menang
KiddzChnl,Taek PDI RA BAKAL MENANG
DOT ID,AH...ITU POLITIK KAMPANYE.<br>ğŸ‘‡<br>BAYAR LEMBAGA SURVEY UNTUK NAIKAN JUMLAH SURVEY.<br><br>RASUAH ITU SUDAH MAKANAN PARPOL.
Amel Delifa,"KALAU KATA GURU-GURU ,<br>Biar anak bahagia , nilai nya 9 pun , tetap harus di sebut Nilai 1ğŸ˜‚, <br>soalnya nanti anak takut ngamuk-ngamuk....ğŸ˜…ğŸ˜…ğŸ˜…"
Nur Wati,Survey abal-abal ğŸ˜…ğŸ˜…ğŸ˜…ğŸ˜…ğŸ˜…
Ardi Aja,Jijik milih org yg suka nonton bokef
Badawi Al Khatiri,"Nanti kalau ganjar menang dan pdip hatrick lagi, dituduh curang lagi, fitnah dan hoax lagi, berkata dan berdoa buruk lagi, nyalahin Tuhan lagi, gak percaya takdir Allah SWT lagi, sampe kiamat gitu aja terus kadrun yaman kelakuannya gak tobat2.. Wkwkwkwk... Cuakks"
Jajat S,Semoga yohanes anus nyungsep
Karyandi,"Yang penting, asal bukan Anies.. <br>ğŸ˜†ğŸ˜†ğŸ˜†"
Sabilul Rosyid,Bismillah Pak prabowo  Ri 1Aamin
Iskandar Cowok,Dia ambel suara y dri mna<br>Ku GK merasa meleh
wagiyo dini,"Saya. Keluarga besar saya dan mahasiswa saya juga pilih Ganjar karena ganjar satu2nya calon pribumi, dia yang mewakili kita."
Indra Safri,Anda kurang cerdas kalau bukan asli pribumi mana bisa nyapres bg menurut undang undang mikirrrr
Indra Safri,Tapikan dia jadi petugas parte bang tetap boneka lah dia bang
Jajang Zakaria,Hebat petugas partai survei nya tinggi
Alber Ratung,Ganjar yesğŸ’ª
anto Manuntung,Hny pk Ganjar yg mampuu terusknn perjugan pk Jokowi
Joko Warung,Aku tetap GP
Yazid Mahfudz,Yg penting Anis tdk turun ke peringkat 4
wulandari tari,Insya&#39;allah tuhan<br>Masih mencintai negeri ini.<br><b>Ganjar Prabowo</b> akan menjadi presiden 2024<br>â¤â¤ğŸ¤ŸğŸ¤ŸğŸ’‹ğŸ’‹
Heri Alfaridzi,Ribet dah klonpetugas partai
adel,"Jangan dulu berpuas diri, kontestan lain masih dapat mengalahkan Ganjar dan pasangan nya pada putaran kedua , belajar dari pengalaman Pilgub Jakarta dulu ( Anies dgn politik identitas nya ) ...."
Mawar Merah,AMIN.....ya ALLAH.<br>ğŸ¤²ğŸ¤²
Pemirsa Budiman,Biasaaa.. jagoan kalah duluan.. semoga Anies yg menang agar Indonesia jadi lebih baik
Teddy April,"Arteria Dahlan pernah keceplosan,dan kalian masih percaya lembaga survei ğŸ˜†"
Andi Brebes,Mantaappp ğŸ‘ğŸ‘
WAF ID,GANJAR DAN BU GANJAR YG CANTIK .. PRESIDEN AMIN â¤
DIKA98,Alhamdulillah semoga pak ganjar jadi presiden ri di 2024.
RIKI ANTONIA,Ganjar Pranowo terbaik â¤ï¸
RIKI ANTONIA,"@Aceh Indonesia ngurus jakarta aja ga becus, kalah sama gibran soal memimpin"
Aceh Indonesia,Anis Masa depan Indonesia Maju damai dan sejahtera
RIKI ANTONIA,@Sofyan Wijaya TAI WKWKWK
Sofyan Wijaya,Terbaik nya dmn ? <br>Siap2 2024 untuk kehancuran banteng<br>Kalian udah bikin negara hancur
Widayat Ir,"Alhamdulillah,aamiin YRA."
Hadi Salim,"great news, yg penting asal bukan yaman ayat mayat."
Murwani Dewi,pendukung p ganjar lebih banyak yg tidak bersosmed...jadi survey yg dimenangkan p prab...??????
Jack W,PAK GANJAR !!!!!!!!!!!
Apriyandi Kelana,Ganjar Pranowo.                &quot;Topmarkotop-lah&quot;!!
Dapur Vanna,"Coba kalian mampir ke TV sebelah malah survey gini.. ngakak, bengek saya baca komentar mereka yg disebelah.."
Eight Ape,"InsyaAllah Pak prabowo next president 2024,,, kemungkinan Akan Ada putaran 2 ,,,Dan survey membuktikan Pak prabowo pemenangnyaâœŒï¸âœŒï¸âœŒï¸"
ahmad khoirudin,Ganjar the best
Nano Romansyah,Prabowo
Ubay Call,Prabowo presiden top 2024
muhammad baihaqi,Garis tangan presiden yaaa ganjar. <br>Prabowo realistis laaah. <br>Yohanis ahlinya gali sumur
Fajar Dwiono,ganjar presiden.
Doko Wahyono,"Asumsi analisa saya cawapres Ganjar adalah mbak puan sebab yg menentukan cawapres Ganjar yaitu BU Mega,bila dari orang dekat p Jokowi asumsi saya p Erik Thohir lihatnya orang kepercayaan pak Jokowi di berbagai even pentingâ¤â¤"
Doko Wahyono,Asumsi kok ngawur terus dg siapa cawapres ganjar
Den Mas,"Asumsi ngawur,tapi ya sah2 saja itu asumsimu sendiriğŸ˜‚.Variable penentu cawapres itu lebih kompleks"
adel,"Jika Puan yg jadi cawapresnya , diprediksi elektabilitas Ganjar bakalan merosot , sejak awal Puan telah mengucapkan ketidak senangan nya terhadap Ganjar sbg pesaing, sehingga hubungan nya dipastikan tidak harmonis ....!!!"
Syefrudin Lemos,Pilihanku ganjar
Reza Demak,jos gandos pk ganjar
sunartokades bulurejo,Mantap p Ganjar rakyat cerdas pilih p ganjar
Ubai Dillah,Orang jujur dan cerdas pasti pilih pak anis
Si ganteng Ganteng,Prabowo sajaaah  .....  Ga mau petugas partai
The Jemadu,Amin Smg Allah restui Ganjar Ri 1 2024...kita dukug org baik jujur bersahaja peduli rakyat...Ganjar sahabat rakyat.
ucup chanel(mie ayam deso),Ganjar pranowo sak jos e
Suhaedi Eddi,Alhamdulillah... Semoga BPK Ganjar Pranowo Presiden 2024..ğŸ˜ğŸ¤²
Mawar Merah,â€‹â€‹@Ubai Dillah <br>Doamu jelek smg kembali pd dirimu yg mendoakan....!!.<br>AMIN....ğŸ¤²ğŸ¤²<br>ALLAH mh adil....!!
Ubai Dillah,Semoga ganjar tdk jadi presiden brroo
Rey,Jokowi di hati GP di nanti  â™¥ï¸ğŸ‡®ğŸ‡©
Moh Rojikan,Saya 6 orang semuanya pilih <br>Pak ganjar pranowo presiden
Ubai Dillah,Dan saya juga 10 org pilih pak Anis
Al fatih,"Jika 2 putaran ganjardrun bakal nyungsep,krn suara anis beralih ke prabowo,krn tdk mgkin suara anis ke ke ganjar."
Mawar Merah,Doa dr RAKYAT Idonesia untuk pak GANJAR bisa terpilih jadi presiden smg diijabah ALLAH....â˜ï¸â˜ï¸ğŸ‡®ğŸ‡©ğŸ‡®ğŸ‡©ğŸ‘ğŸ‘<br>AMIN...ğŸ¤²ğŸ¤²<br>ALLAH mh kuasa segalanya klo ALLAH sdh berkehendak siapa yg bisa melawan....??<br>â˜ï¸â˜ï¸â˜ï¸ğŸ’¥ğŸ’¥ğŸ’¥
Veri penjara,Kami tak percaya survei karna survei pakai uang
Garuda Api,GAMA ğŸ‘‰GANJAR ğŸ‡®ğŸ‡© MAHFUD ğŸ‡®ğŸ‡©â¤
Aqil Kurniawan,Sama PDIP â¤
ANDI IBROHIM,â€‹@Amel Delifa anis- novelğŸ˜®
Amel Delifa,"lebih cocok , ganjar puan , atau ganjar jokowi , COCOKğŸ‘"
Simon Jallu,ANDAI YOHANNES ANIS RASHID BASWEDAN GAGAL NYAPRES DI INDONESIA GAK TERLALU MASALAH MASIH ADA HARAPAN IKUT PILPRES DI YAMAN
David Siregar,Ganjar Pranowo Pancen Oye. Mantap Tenan ğŸ‘
Faried Elino,Joss pak GanjarğŸ”¥
Johari Ami,Semuga Alloh swt<br>Meridhoi pak GANJAR PRANOWO menjadi RI 1<br>AAMIIN AAMIIN AAMIIN YA ROBBAL AALAMIIN
Masa Depan,"Jangan terobsesi dg lembaga survey bayaran oligarki, ingat 2004 buk mega selalu unggul survei tapi kok pak SBY yg menang, 2014 pak Prabowo unggul 6 lembaga survey nyatanya pak Jokowi yg menang, di dki pak ahok selalu unggul survei tapi kok mas anis yg menang, sampai disini kau masih percaya lembaga survey bayaran oligarki??? Sekarang fakta nya rakyat butuh perubahan bukan pencitraan"
NG Slanker,Prabowo-Mahfud MD 2024 pasti saya COBLOSSS.
Ayu Pertiwi,Tetep PK Anis baswedan
Ran Mouri,Sepertinya ada yg akan kembali ke habitat menjadi oposisi sejati ğŸ¤­
Kepler Bintang,"Udh 7 bulan si Anis ini deklarasi tapi rating nya gk naik2 dan tetap urutan buncit pdahal udh keliling Indonesia,gimna mau menang"
Supri Adi,"Dulu dikampung saya setelah deklarasi Jokowi banyak warga yang antusias membuat posko tapi sekarang setelah deklarasi Ganjar sepi tidak ada respon, karena aura pamor dan wibawanya ganjar tidak SEISTIMEWA JOKOWI"
Pariman Cs,In sya alloh ganjar
Edi Sugiyanto,"Pak Ganjar calon presiden terbaik 2024, pendeng gepeng pilih pak ganjar, Insya Alloh"
Kuswandi,"Semoga capres yg lain tetap sehat dan turut berdo&#39; a, biar Pak Ganjar saja yg jadi PRESIDEN!<br>ğŸ˜‚ğŸ˜‚ğŸ˜‚ğŸ˜‚ğŸ˜‚ğŸ˜‚ğŸ˜‚ğŸ˜‚ğŸ˜‚ğŸ˜‚ğŸ˜‚ğŸ˜‚ğŸ˜‚Hareudang....hareudang....hareudaaangngng.....nanas...nanas...nanaaassss......"
RFA CHANNEL,Pembodohan dan pembohongan publik survey ARB selalu kalah karena membela yang bayar padahal di lapangan ARB selalu di tunggu tunggu rakyat..
Sang Pengelana,Ganjar Pranowo ternyata menerima anu Mega proyek E-KTP ğŸ˜®ğŸ˜®
Sang Pengelana,"@Mawar Merah bukan fitnah tapi nyata,, Nazaruddin jujur pa adanya krna posisi di tersangka bohong tiada gunanya,, mungkin Ganjar dilindungi petinggi partai yang saat itu sedang berkuasa ğŸ˜‚"
Mawar Merah,Mulai menebar HOAK &amp; FITNAH....â˜ï¸â˜ï¸ğŸ’¥ğŸ’¥<br>Smg ALLAH segera  memberikan ganjaran &amp; keadilan pd org2 yg sirik &amp; suka menyebar Fitnahan ini....<br>AMIN....ğŸ¤²ğŸ¤²
Aimar Adistyo,Petugas partai ...no petugas Rakyat ...ok...Anies masa depan perubahan dan persatuan no nurut sama oligargi
backbone,nies juga petugas  partai dr nasdem
Aimar Adistyo,"Survei ....pesanan sudah di setting bro , ...."
Tomi Kartomi,Preed
Rais Rosadi,Percaya sama survai..<br>Bukti rakyat menginginkan pak Anis
Didik kuswandi,Bagi yg tidak suka pasti bilang survei bisa dibeliiiii ...
yayan alfian,Ganjar puan for presiden 2024
Reza Pahlevi,Dari 2019 semua org udah tau.. semua media di kuasai
Ahmad Holian,prabowo lah org nya tulus dan iklas
backbone,"Prabowo orang yg otoriter,berbahaya buat kelangsungan sistem demokrasi di indonesia"
Rudy H Worotikan,"Prabowo Subianto petugas rakyat bukan petugas partai &amp; Prabowo Subianto Presiden RI 2024, Amin ğŸ™"
HARRY NOTOPROJO,Ganjar pranowo capres pilihan terbaik
Chairul B,Pak Ganjar ğŸ¤²ğŸ»
Nyoman Susanto,Ayo bersama Ganjar Pranowo RI1
pecinta alam Sumatra 99,"Namany lah surve ğŸ˜‚ğŸ˜‚ğŸ˜‚ penghargaan aja dadakan ,setelah di calonkn tiba&quot; jateng di sebut terbaik ,,,padhal belum lama trimedia katakan jateng masuk 17 provinsi termiskn ,puan juga mengatakan di jateng jarang mandi ,,,kan sesuatu yg aneh kok tiba&quot; terbaik ,,,,hanya orang bodoh yg bisa di bodohi pecitraan"
Suyanto Barkah,apapun suku dn golongan nya gp lah persiden nya
Ira Ari,Alhamdulillah Ganjar selalu naik!â¤ğŸ¤ŸğŸ‘
Giyu Tomioka,@Surya Taufik malah dalam survey DKI yang terbesar angka kemiskinan
Giyu Tomioka,@Surya Taufik DKI emang ga miskkin
Surya Taufik,Naikkan angka kemiskinan dipropinsinya
La' Viory,Aamiin YRA
Gibernau 27,Putaran ke 2 suara anies di berikan kpd prabowoğŸ˜…ğŸ˜…ğŸ˜…
Nyonya Arzu Emiroglu,Alhamdulillah elektabilitas Pak Ganjar masih teratas semoga sehat selalu dan terus naik ğŸ“ˆğŸ’ªğŸ¥°ğŸ‡®ğŸ‡©ğŸ™ğŸ¤Ÿ
Dani Boy,â€‹@Ubai Dillah klw junjungan loe ngelus2 yg bening tuh halal gitu ya
N Meci,Jadi ingat pilgub dki. Hasil survey anies ditempatkan di urutan buncit tapi akhirnya jadi pemenangğŸ˜‚ğŸ˜‚
×Ö·×‘Ö°×¨Ö¸×”Ö¸×,PreeetğŸ˜‚ğŸ˜‚ğŸ¤£ğŸ¤£
Petrus Petrus,@H Sujak sakit hati ya
Petrus Petrus,@Ubai Dillah sakit hati ya
Dodi Sahputra,Ganjar Pranowo
BAKA DEPAI,"2 x gak milih pak Prabowo, kali ini saya pastikan dan yakin memilih pak Prabowo.<br>2024 PRABOWO R1 ğŸ™"
backbone,Mengapa??pdhal keliatan se x orangnya emosional sehingga cenderung bersikap otoriter
Amel Amel,Saya tinggal di Aceh...saya dukung Pak Ganjar..
backbone,"Saya tinggal dijakarta dan lahir dijakarta maka gak akan pilih pemimpin yang suka membual seprtti anies karena sudah mengecewakan dalam menjanjikan rumah dp 0 Rp dan prgram oke oce serta reklamasi yg brrjalan lg setlah dulu.wktu kampanye ditolaknya,lalu banyak.lagi kinerja yg mengecewakannya"
Ubai Dillah,Dan saya juga tinggal di Banten saya dukung pak Anis
Alma Muhamad,Saya tinggal di Banten siap dukung Bapsk ANIES RADYID BASWEDAN
TONI DS SUHARTONO,BoooHiiiRRRR ğŸ‘ğŸ‘ğŸ¾
Dema Rahmah,tetap pak ganjar RI 1 2024 â¤ï¸ğŸ‡²ğŸ‡¨
Tar Sono,Ooh gitu ya... komennya pada lucu dan imut ğŸ˜†ğŸ˜†ğŸ˜†ğŸ˜†ğŸ˜†
Ms,Hahahaha
supardi pardi,sekali Ganjar tetep Jos
cintai musik indo,@Olun Setrum kadrun apalagi bisa jadi gurun pasir indonesia jangan pilih anis dan partai2 kadrun
Olun Setrum,Siapapun presiden nya jgn pilih banteng
Darmawan M,â€‹@Ubai Dillahy...bakalan keok lg di 2024
cintai musik indo,@deAthoo_Channel itu survey sebelum 21 april dodol wktu upaya si nurdin kualisi besar koar2 wkwkwkwk mana nurdin sekarang ngumpet dia
deAthoo_Channel,Ganjar kalah head to head lwn prabowo 49% vs 40%
Irwan Kertajaya,Wkwkwk
xpander 89,JANGAN  JADI PATOKAN SURVAI  KARNA SURFAINYA SUDAH HAMIL DULUAN   NANTI KALAU LAHIRNYA HASIL DI LUAR NIKAH HASILNYA BUDEQ  POLONGAK PLONGOK KAYAK AYAM DI KEBIRI   MAKA DARI ITU  JAWABANYA  ANESLAH ORANG YANG PANTAS  R1        1
Emma Emma,GANJAR PILIHAN JOKOWI...KEMAMPUAN PRESTASI DAN WAWASANNYA JAUH MELEBIHI ANIS DAN PRABOWO...GANJAR RI 1 SI 2024....
KEDUNG AVO PATI,"Ijin tanya,diantara tiga calon presiden tersebut yg bukan petugas partai yg mana ya??? Terimakasih..."
backbone,Yg namanya petugas partai itu emang salah?? Pdhal partai berbeda beda ideologis dan gaya berpolitiknya.....seperti pdi perjuangan yg menerapkan idealisme dalam berpolitik sedangkan partai partai lainnya malah ada yang berpolitik pragmatisme
binetf,"biarlah yang satu out dari jokowi, mungkin sedang beli gorengan yang masih butuh minyak goreng"
Uslan Noor Saidi,"Hasil survei tinggi namun tidak pede,  seperti takut dengan Anies Baswedan"
Tulus Wijanarko,"Apa yg di takuti dr Anies,,, kl kalah jgn bikin huru hara ya,,, jgn menyalahkan Tuhan,,"
Sudarmadji -,"<b>GANJAR 55, 7 PERSEN, GANJAR SEMAKIN TAK TERTANDINGIâ¤â¤â¤</b>"
Indar Jaya,@Iswantoro Yudi kalau saya pilihan yg paling tepat adalah.ade Armando atau giring capres<br>Cawapres nya abu janda atau Guntur Romli dan Eko Kuntadi atau Denny Siregar.
Iswantoro Yudi,"@Cipto Parmono ini jujur ya...prabowo mmng jago dibidang pertahanan n keamanan...tapi sayangnya kalah dibidang  ekonomi,pembangunan,n tata pemerintahan..."
Iswantoro Yudi,@Indar Jaya tapi mmng ada benernya juga...kbanyakan di kotaku ganjar semua...ğŸ˜‚ğŸ˜‚ğŸ˜‚
Rdn Nids,"@Indar Jaya <br>Haduh, benar2 kebodohan lu sangat natural...istilah survey aja ga faham...<br>Parah lu drun....!!!"
Indar Jaya,@Moch Mahrus Mahrus kalau memang betul hasil nya lembaga surve ngapain masarakat yg nyoblos. Lembaga surve aja yg pilih presiden.
Ya yuk,Alhamdulillah Pak Ganjar sll unggul.. ğŸ‘ğŸ‘ muda mudahan bisa menjadi Presiden RI 1 ğŸ’ªğŸ‡®ğŸ‡©
adel,"Jangan dulu berpuas diri, Ganjar cs masih bisa dikalahkan pada putaran kedua berlangsung .!!!"
Prabu Kiansantang,Amiin YRAğŸ¤²
Radi Lasgab,Liat aja masarakat pilih aneis
Desa chanel Official,GANJAR PRANOWO YESSS...
Deni rahman,Mantap mas ganjar walau di kepung calon lain masih tertinggi kerja terus biar hasilnya memuaskan semoga menang
deAthoo_Channel,Ganjar kalah head to head lwn prabowo 49% vs 40%ğŸ˜‚ğŸ˜‚
Prabu Kiansantang,@Mawar Merah amiinğŸ¤²ğŸ™
Mawar Merah,â€‹@Prabu Kiansantang Amin....ya robbil alamin....ğŸ¤²ğŸ¤²<br>Smg doa kita semua di ijabah ALLAH....ğŸ™ğŸ™
Prabu Kiansantang,AmiinğŸ¤²
Kanjeng Syech,Mantab â¤â¤ ganjarrr
Indro Pramudianto,Aku pilih yg muda dan pekerja keras melebihi BP Joko Widodo dalam meneruskan apa 2 yg sekarang dah dirintis Presiden kita
Suyamto Zone,Prestasi ganjar jauh di banding prabowo... Tetap prabowo presiden
Achmad Mudjajin,"ahok unggul disemua survey....kok anies menang mutlak, jangan2 surpa surpee ini hasilnya akan copas dki....Anies the next, cebi2 dilarang baper!"
ISLAM RAHMATAN LIL ALAMIN,survei nya beda2 yah
kami Indonesia tulenğŸ‡®ğŸ‡©,Ganjar pancen oyyee....<br>Saya yakin Indonesia 100 tahun mendatang akan selalu di pimpin suku Jawa (ğŸ™ğŸ»)<br>Walaupun saya marga bancin â˜ºï¸ğŸ˜
Lely Nubhaeti,Bukan .aku Yo GX Sudi wong mimpin jowo AE Ganjar Isik ancur OPO neh mimpin indonesi angel angel dunio samiki milih presiden OPO milih sengsoro awass salah pilih sebelum milih tatap dan bayangkan kedepan nya makasih
kami Indonesia tulenğŸ‡®ğŸ‡©,@YONO DARYONO ğŸ¤£
bikin video,@Suhu Bekam Jamet Jawa metal perusak Indonesia
Suhu Bekam,kalahh di koyok ama bokap lou  kali yahh ğŸ˜…ğŸ˜…ğŸ˜…ğŸ˜…
YONO DARYONO,Surve abal2 alias bayaran
Suyamto Zone,Prabowo presiden...
Juhairiyanto Ajha,1Juli...MERAHKAN INDONESIA  ...GANJAR PRANOWO...JOZZZZğŸ‘ğŸ‘ğŸ‘ğŸ˜„
Suswanto 99,Indramayu hadir Ganjar semakin di depan salam banteng ğŸ¤Ÿ
bray,Gada kapoknya pilih banteng
Muhamad Husein,"Jangan  pilih  Kadrun , wkkwkkw"
Ontho Hoed Chanel official,Si uban Ganjar cocoknya jadi duta film Jepang ğŸ˜ğŸ˜ğŸ˜
Nur Setiawan,Ganjar siji Ganjar kabeh ğŸ‰ğŸ‰ Ganjar Pranowo capres pribumi Indonesia asli ğŸ’¯ tulen sejati menang ğŸ‰ğŸ‰ğŸ‰
Anwar Bey,"Survey bayaran itu hanya utk menggiring opini publik, faktanya nanti akan kita buktikan 14 feb 2024...Insyaallah ANIES yg menjadi PRESIDEN sejatinya saat ini elektabilitas ANIES sdh sulit utk dikejar."
Rohima Tina,Saya pilih pk Anies Baswedan for RI 1 ğŸ‘
Mlatikudus 5a,Tetep ganjar
Ahmad Khoiruddin,Pokoknya RI1 no cendana no cikeasğŸ‘ŠğŸ‘ŠğŸ‘Šâ—ï¸â—ï¸â—ï¸â—ï¸
Zaky Zaky,â€‹@Mawar Merah S7 no kadrun Yohanes basedan
Mawar Merah,Betul skl....&amp; sangat se 7 skl....ğŸ‘ğŸ‘ğŸ‡®ğŸ‡©ğŸ‡®ğŸ‡©<br>Pak GANJAR sll di nanti di 2024....<br>Untuk memimpin NKRI....!! ğŸ‡®ğŸ‡©ğŸ‡®ğŸ‡©ğŸ‘ğŸ‘<br>AMIN...ğŸ¤²ğŸ¤²
Mlatikudus 5a,Walaaupun 1000  survey mmenangkan  ganjar xan bkal di hujat para kadrun
Mlatikudus 5a,@Ubai Dillah pki kadrun 11 12 bedanya pki dah lenyap di telan bumi kl kadrun msih mengais2 mncari makan
Zaky Zaky,Kadrun sok keras ğŸ˜‚ğŸ˜…
Ubai Dillah,Sebentar lg banyak yg jadi kadrun dadakan..saya suka di bilang kadrun dari pada pki penghianat bangsa broo
Ahmad Khoiruddin,"prabowo no, apalagi anis keturunan kadrun bodoh itu , POKONYA NOğŸ‘Šâ—ï¸â—ï¸â—ï¸ , pokonya  Harus pribumi asli dan itu hanya ada pada pakde GanjarğŸ‘ğŸ‘ğŸ‘"
Jamal Udin,Hanya bisa ketawa aja...hahHHaa
Ahmad Khoiruddin,"Mosok presiden kok duda (nggak punya istri, nggak ada ibu negara berartiğŸ˜…), udah mbah2 lagi, nggak lucuğŸ˜…<br><br>Apa nggak malu kalau mbah wowo kalah EMPAT KALIğŸ¤­ ..."
Zaidan Revi,Inssa Allah pak ANIS pasti jadi persiden kita
AHMAD HS  GP RI 1 2024,Siap berjuang untuk Kemenangan Ganjar Pranowo untuk menjadi Presiden tahun 2024
La' Viory,Siappp
Rafanda 2018,ora milih
Amel Delifa,"GAK MAU AH... <br>Takut seperti jokowi , rumah-rumah warga dilibas jadi jalan tol , yang merugi terliunan itu ,"
Prabu Kiansantang,Siap gaskeuuun lurrğŸ’ªğŸ’ª
Atmopawiro,Ganjar ğŸ‘
Ahmad Khoiruddin,In syaa Allah Bung ganjar akan semakin naikğŸ‘ğŸ‘ğŸ‘<br><br>Pokoke gas pollğŸ’ª
Suradi Suradi,â€‹@Ubai DillahAAMIIN
La' Viory,Aamiin YRA
Ubai Dillah,Semoga ganjar hanya menang di lembaga survai aja..dan insya allah pak anis presiden 2024 saya tulus ikhlas dukung pak Anis.
Zaidan Revi,INI TUKANG SURPAI ABAL ABAL JANGAN DI PERCAYA
natanael,"Suara Pak Ganjar akan kembali sebelum blunder U20, krn ana salah satu yg sadar. Pilihan hanya GANJAR waeğŸ˜†"
putri,Akan terus di ingat rakyat indonesia
Bapa Rohim,Betul saudaraku setanah Air <br>Jgn pilih keturunan yaman
Rahmat Kartolo,"Gua juga begitu, hati ga bisa diboongin.<br>GP RI 1"
Zaidan Revi,Ok pak ANIS raykyat Indonesia mendukungmu
Nadhifa Ramadani,Pastinya unggul sudah dibayar sorveynya
putripanda,biismillah barrakalloh pak ganjar terbaik
Luna Lavgood,"Buktikan tidak hanya Gub DKI yang bisa jadi batu loncatan utk jadi Presiden. Ayo para Gubernur, berkinerja dg baik sehingga layak jadi RI 1"
Al fatih,"Apa kinerja ganjar,pendukung ganjar itu org2 gak punya otak,kalian memilih dia cuma krn,kalian org jawa,kalian org kafir yg benci anis,coba apa kelebihan si rambut putih itu ??"
karikatur digital,"KADRUN ga akan percaya survei selama junjungannya berada dipaling bawah .. jangankan SURVEI , hasil PEMILU pun mereka ga percaya , tp anehnya mereka masih mau ikut  PEMILU , ibarat BOCIL yg lagi maen PS tau joystik nya rusak tp tetap maksa maen dgn alasan nanti kl kalah ya joystik nya rusak , jadi kl kalah survey atau pemilu pasti di bilang CURANG"
Lilly Ayunah,Kadrun kebanyakan bodoh
Bapa Rohim,Kadron itu salah juga masih dibilang benar <br>AntitesisğŸ˜‚ğŸ˜‚ğŸ˜‚
Rahmat Kartolo,ğŸ˜‚ğŸ˜‚ğŸ˜‚ğŸ˜‚ bener juga
Zaidan Revi,Pak ANIS  yeees
Dunia Print,"ANIES 15% DITAMBAH KEKUATAN DAHSAT DARI PARA KYAI, ULAMA DAN SANTRI...ITU FAKTA DI LAPANGAN."
ch ndeso,Kesedihan dengan akan berakhirnya jabatan pak jokowi gini terobati dengan di calonknnya pak ganjar ğŸ¤Ÿ
Zaidan Revi,Bisssmilahhirhomannirohim pilih pk ANIS aja yang jadi persiden Indonesia raya
Budi Arman,Tidak bisa pedoman survei bisa di pesan
Bunga Adi,Ganjar - Mahfud MD
Anita Ananda,"Kalau melihat situasi Dunia yg gonjang ganjing dampak dari Perang di Eropa, di perlukan kepemimpinan Nasonal yg kuat.dan itu hanya ada pada Prabowo S."
backbone,"Pidato jokowi dulu jelas bahwa ada bawahan bahwannya yg menginginkannya untukbjd presiden lagi di tahun 2024 namun langsung jokowi tolak koq malah menginstruksikan pak menkopolhukam buat pastikan jadwal pemilu 2024 yang udah direncanakan klo gak salah pd tgl 14 februari 2024. Jadi yg menginginkan jokowi 3 periode itu bukan jokowi namun orang orang yg ada disekitarnya yg punya kepentingan sendiri/golongan buat cuman menyarankan kepada jokowi begitu.<br><br>Justru saya meyakini kalo presidennya sekarang prabowo maka bisa jadi prabowo akan menyetujuinya, gue yakin itu. Karena gue dan anda lihat sendiri tayangan video wawancara jurnalis senior dari amerika yang diwawancarai oleh jurnalis metro tv itu bahwa prabowo tidak setuju konsep politik demokrasi melainkan fasisme karena demokrasi bertolak belakang dengan totoriterian alias otoriter. <br>Karna ada bukti nya itu video wawancara jurnalis asing yg pernah interview prabowo pada tahun 2001 lalu maka ini bukanlah asumsi"
Anita Ananda,"@backbone mudah2an bukan bermaksud menyindir orang yg merasa memiliki otoritas lalu berpikir otoriter dg mewacanakan perpanjangan jabatan Presiden, belum lama ini."
backbone,"Secara singkat, negara demokrasi berarti memberikan kekuasaan tertinggi kepada rakyatnya. Berbeda dengan negara otoriter yang berarti sistem pemerintahan politiknya berpusat pada seorang pemimpin.<br><br>Biasanya, pemimpin otoriter tidak dibatasi dengan aturan hukum dan membuat kebijaan negaranya sesuai kehendak pribadi."
backbone,Otoritas itu wewenang yg diberikan dengan mengadakan musyawarah terlebih dahulu namun klo otoriter itu kekuasaan yang sewenang wenang karena emang gak diharuskan untuk melakukan musyawarah dahulu
Anita Ananda,"@backbone Otoriter terjadi karena adanya otoritas,dan itu  bisa terjadi dlm bidang apapun, sekala tinggi atau rendah, besar atau kecil."
ANTO KOPI,"Kita cari penerus Jokowi, bukan pengganti,"
neng adit,btul
Sabar Pku,pileng saya mas Ganjar Pranowo menang di 2024
agus setyawan,Mas Ganjar untuk presiden 2024... tetep putih nggak beralih
La' Viory,Pastinya yg ubanan
Wahyu Umi,Survenya itu dari mana yaaa.... kalo bisa survenya itu dari desa.....
zharah 008,Gsnjsr tetap menang
aaaa,"Anis presiden terbaik<br>Ganjar 2 periode Jawa tengah propinsi termiskin,,cari presiden bukan petugas partai tapi petugas rakyat"
backbone,Gak semua partai itu memntingkan partainya saja.melainkan kepentingan nasional
Iskandard Kahard,Apapun hasil surveinya. Bagiku dan keluarga tdk akan pernah memilih partai dan capresnya yg ikut andil dalam kegagalan piala dunia U-20.
Eksan Difinubun,Omong kosong surveinya
Meliana Virginia,GANJAR MAHFUD â¤â¤
Bapa Rohim,Siapapun wapresnya <br>Yg penting asli nkri
Indro Pramudianto,Semoga wapres nya nanti beliau sangat setuju
OGAN official,"YG MENJADI ANEH,,,,,, ANIES SELALU DI BAWAH SURVEYNYA TP MASIH AJA DI RAYU PARTAI2 NYA SUPAYA ANIES GAGAL NYAPRES,,,,,, ANEH,,,,KL ANIES SELALU DI BAWAH BIARKAN DIA NYAPRES TO PASTI KALAH KL SURVEY NYA AJA RENDAH,,,,,,,,,,?????????????????"
Saodah,merasa lucu kalau memilih ganjar gara2 viral..tapi kalau di tanya apa kesuksesan ganjar yang di raih pada plonga plongoğŸ˜‚ğŸ˜‚ğŸ˜‚<br><br>kuharap indonesia lebih cerdas bukan karena viral..
Roni Gunawan,@Saodah plin plan walaupun kenyataannya baikğŸ¤£ tapi kemungkinan besar pak Ganjar jugabyg bakalan jadiğŸ¤£ğŸ¤­âœŒï¸
Saodah,@Roni Gunawan yang lain siapa meragukan..???aq mlhn penasaran ramalan gusdur tentang prabowo
Roni Gunawan,ğŸ˜…2 periode jadi gubernur sdh cukup modalğŸ˜…ketimbang yg lain masih diragukanğŸ¤£ğŸ¤­
Muhamim,Jossss...<br>Pokoke.....p..gp
Amel Ayu,Anis makin nyungsep...
swarnabhumi,Sudah jelas Johanes Anies Baswedan Capres Zimbabwe. 2024. ğŸ˜†ğŸ˜†ğŸ˜†
ar joni,Survey kacang x...
Muhamim,Mantulllllll.p..gp...ol
Dylan Ismail TV,Survey bohong berbayar
backbone,Lembaga survey itu sdh trdaftar resmi di KPU sudah sangat lama dan hasil surveynya gaj jauh berbeda dgn real qount Dari KPU
Muhamim,Josssss.pokoke..p<br>.gp
ds1110op,"PDIP katanya gak butuh suara umat islam, krn hanya pdip yg punya suara yg bisa nyalonkan capres.... Mending sekalian capres n wapres nya dari PDIP..... Itu baru ksatria... Katanya pdip partai x wong cuiiiliiik, jd pdip bisa . nyalonkan dr kader sendiri"
Harianto Yan Adri,Ayo satukan barisan semua ttap solid bersama Pk Jokowidodo ğŸ˜˜ğŸ‘GP yess
Sabaruddin Kiantar,Prabowo lebih pasti kenegarawannya. Jauh dari isu Radikalisme dan Komunis.
Sabaruddin Kiantar,@Boy Andiek betul itu
La' Viory,Siappp dukung GP
Boy Andiek,"Bersatu Gmn ?<br>Pendukung Jokowi,udah pd sadar Semua ..ğŸ˜€ Gak Mau Di Adu Domba..yg slalu Narasi Kebencian.cebong &amp; Kadrun...biar Hangus di bumi pertiwi ini <br>sebagian pendukung jokowi udah pada lari Ke pak Prabowo Yang Di Untungkan di posisi tengah..."
Sabaruddin Kiantar,Tunggu putaran kedua. Kami pasti gabung ma kubuh Anies. Sy dulu relawan Jokowi. Skerang Prabowo
Andik Kurniawan Santoso,"<a href=""https://www.youtube.com/watch?v=ox1WDX7MHKQ&amp;t=1m14s"">1:14</a> datanya salah 28.9% semua"
Maubere Lutador,Prabowo presiden presiden 2024
Bitter Channel Pratama,"Ganjar rapatkan barisan, pilih sesuai hati kalian, tak.perlu menjelekkan ..."
Bitter Channel Pratama,"@Ubai Dillah oke , berdemokrasi yg riang ya.. smngt..."
Ubai Dillah,Insya Allah pendukung pak Anis tdk menjelekan siapapun ok broo
Bapa Rohim,OK
Ya yuk,@Indro Pramudianto Aamiin ğŸ¤²
Indro Pramudianto,Setuju konsen buat cak Ganjar Pranowo gak usah urus capres lain hayo bergandeng tangan dan doa seluruh Indonesia yg dalam maupun yg bekerja diluar negri biar Cak Ganjar jadi RI 1 yg Amanah nanti nya
BG. YANN,ğŸ‘ğŸ‘ğŸ‘ğŸ‘ğŸ‘ğŸ‘ğŸ‘ğŸ‘
Widodo Wahyunugroho,Kalau rekayasa bisa juga Ganjar no 1 tapi kalau tdk rekayasa urutan ke 3 8% aja janganlah membodohi org sdh tau sering nonton bokep masih juga reking 1 terlalu
Taufik aziz Aziz boon,ğŸ˜‚
Hadi Noor,"Hari gini msh percaya suvei bayaran? <br>Duit e-ktp yg di buat bayar survei, selebrasi kemenangan palsu ğŸ˜‚ğŸ˜‚ğŸ˜‚"
Candra Yana,LEMBAGA SURVEI WANI PIRO<br>        &quot; REZIM AKAL2AN &quot;<br>JANGAN MAU DIBODOHIN GEROMBOLAN MAFIA<br><br>( nyesel milih Jokowi )<br>INDONESIA JADI PECAH BERANTAKAN
Jago Jalu,Pasti kadrun bilang..ini pesanan...ğŸ˜…ğŸ˜…ğŸ˜…ğŸ˜…
Tiwan Karokaro,tidak valit
Avika65,"Saingan terberat ganjar bukan anis, tapi prabowo,, jika pilpres 1 putaran ganjar menanh, jika 2 putaran prabowo menang"
Nur Setiawan,Ganjar Pranowo capres pribumi Indonesia asli ğŸ’¯ tulen sejati menang ğŸ‰ğŸ‰ğŸ‰ğŸ‰
Bapa Rohim,Betul asli jawa <br>Kalo anis itu <br>Keturan yaman
Petrus Petrus,Betul Ganjar pribumi asli...
kalengrombenk chanel,Ini kalo yg survei kadrun..Anis bisa 120 persenğŸ˜œ
Hamzah Heru,Ganjar RI 1...â˜ï¸â˜ï¸â˜ï¸
ABD Rasyid,Yng surpay dajal sm iblis
Kage Dean,Ga sekalian ganjar 150% lol<br><br>Nanti saat kampanye diadu prestasinya aja
Rahmat Kartolo,"@Kage Dean baru survey lu udah kejang2. Penyakir iri, dengki emang susah diobati"
Kage Dean,@Rahmat Kartolo lolâ€¦ ngaku pinter tp dibegoin lembaga surpe bayaran bangga bgt
Rahmat Kartolo,"Klo yg survey gerombolanmu itu bisa, anis 750%"
Badawi Al Khatiri,"Ikuti apa instruksi dari pak jokowi, pak jokowi tidak mau melepaskan negri ini ke Sembarang orang, ikuti komando pak jokowi, apa yg di endorse pak jokowi adalah orang yg mampu meneruskan cita cita pak jokowi, buat para pendukung jokowi Dan rakyat yg puas dgn kinerja jokowi selama ini, ayo kita rapatkan barisan untuk 1 komando bersama pak jokowi, lupakan pildun, saatnya kita bergerak untuk selamatkan negri ini dari kadrun2 yaman.. Takbirrrr...."
Bapa Rohim,Yg penting nkri tulen
Badawi Al Khatiri,@OGAN official jokowi tidak akan meng endorse airlangga. Jokowi hanya meng endorse ganjar sebagai capres dan prabowo sebagai cawapres..
OGAN official,"Pak jokowi  endorse ganjar jokowi endorse prabowo,,,, sebentar lagi jokowi endorse airlangga,,,,!!!!! <br>Silahkan bagi bagi aja yg di endorse jokowi,,,,,!!!!!"
Sidhin Ode,Yg survey kodok sekolam
Tiwan Karokaro,kami orag awam. kami gk perduli klo hsil survei itu tdk balik.krna semuanya itu di byr..apa lg klo cuma ptgas partai. waaaadduuuh. prabowo presiden
Roni Gunawan,Bilang bgtu karna pilihannya kalahğŸ¤£ğŸ¤­coba klo menang psti diem2 aja senengğŸ¤­
j@rmhp,Ganjar yes
Mohammad Gustaf,Survei bayaran
kus,Wassalam kadruner...kuatkanlah hatimuğŸ˜…
sebut_saja daeng,Survey abal abalğŸ˜…
Zaky Zaky,â€‹@Rahmat Kartolo nyungsep ke sumur resapan wan abud ğŸ˜‚ğŸ˜…
Rahmat Kartolo,"Baru survey aja lu udah kejang2, apalagi nanti klo capres lu nyungsep"
susilo murti,"Sayapun bisa membuat survey untuk menaikkan atau mendowngrade CAPRES,  misal responden untuk ANIS diambilkan dari NTT atau BALI pasti jeblok, toh pihak lembaga survey gak perlu jelasin respondenya dari mana,  sekarang rakyat percaya POLLING."
susilo murti,"@Roni Gunawan monggo kalau anda punya anggapan seperti itu, karena semua orang punya perspektif masing masing, karena saya berdasarkan fakta, contoh POLITIK IDENTITAS klik ARNITA RODELINA TURNIP mahasiswi cerdas yg dihentikan beasiswanya oleh BUPATI  karena .......,  BUPATI adalah jabatan politik ( semua jabatan hasil pilihan rakyat  )."
Roni Gunawan,@susilo murti klo nte pencari kebenaran &amp; netral pastinya tau awal mulanyağŸ¤£ğŸ˜…silahkan renungkan .
Roni Gunawan,@susilo murti ğŸ¤£berati ada terlalu sepihakğŸ¤£langsg ditelan mentah2 berita &amp; framinganğŸ¤­semua psti ada sebabnya ğŸ¤£
susilo murti,"@Roni Gunawan itu kata kata normatif, bagi saya itu tidak cukup,  harus ada keberpihakan dg yg benar dengan ukuran dan standard yg bisa dipertanggungjawabkan misal  ANIS intoleran, tapi gak bisa nunjukin kapan dan dimana aktifitas itu dilakukan, ada yg bilang ada spanduk JANGAN SHOLATI dsb, pertanyaan apa yg buat ANIS ? mari kita merenung tentang SEBAB AKIBAT, seandainya AHOK gak bilang KAMU DIBOHONGI AL MAIDAH pasti gak ada spanduk itu."
Roni Gunawan,"@susilo murti ğŸ¤£kn udh dibilang mw dikit ato banyak akan hancur lebur dengan sendirinya,biarkan mereka yg mendapatkan balasannyağŸ¤£"
B.M.S.channel,aku orang jateng tapi tidak tertarik dengan Gsnjar pranowoğŸ˜‚.
backbone,Munafik
Mawar Merah,Sak karepmu kang....!!<br>Nanti klo pak GANJAR menang km jgn tinggal di Jawa Tengah malu nt klo ada bantuan km ikut makan....!!<br>â˜ï¸â˜ï¸â˜ï¸ğŸ™ˆğŸ™ˆğŸ™ˆğŸ¤£ğŸ¤£ğŸ¤£
suratno 63,hasil survey hoax...lembaga survey yh tdk.bisa dipercaya ..pembohong..
Farel Alviano,TUKANG SURVE  DINAMA  SURVENYA DI ATAS LAGIT APA DI KEBON KOSONG
ds1110op,"Apa gak ditambah yg disurvey. No. 4 Megawati Sukarno putri, no. 5 , Puan mahari no. 6 Abu janda. No 7.deni siregar no. 8.ade armando. 9.giring ganesha, 10.grace natali, 11. Napi Romi.. Hasil simulasi gimana  ? Orang waras akan milh abu jandan n wapresx giring"
HOT_Man Jr,Makan tu survey ...realnya nanti pada nga nga
M Panjidinihari,Coba bahas hasil folling yg respondennya ratusan ribu..
Roby wuarlela,Pak Ganjar...presiden RI....ğŸ‡²ğŸ‡¨ğŸ™
Bapa Rohim,Nyata <br>Wong survenya <br>Paling OK
Dawin Rotto,Mimpi di siang bolong...
Supar Dijana,GANJAR PRAHORO NOL PRESTASI
Ma'mun Rizal,Ter atas malu nya .... mak aku aja mas anis
ilham gg,yohanes 15% nyolong suara dr kampret ğŸ¤£ğŸ¤£ğŸ¤£
D J,gue Ganjar!!
D J,@Rafanda 2018 egp
Rafanda 2018,aku ora
Wajun Sadi Uhang,PRABOWO RI.1 YESS
eka STM45,Survei palsu
Yem Arsyad,Saya mendukung ganjar tapi saya tdk percaya semua lembaga survei di indonesia ....katanya semua abal abal
backbone,"Hidup itu gak boleh dipukul rata bro, krn selain ada yang gak bener pasti ada juga yg bner"
Blasius Loba Channel,Tetangga sblh psti sakit hati melihat ini.
Lianto Lianto,LSI Paling Terpercaya<br><br>   Selain LSI Saya Cuma Tersenyum Alias ???
Badawi Al Khatiri,"Nanti kalau ganjar menang dan pdip hatrick lagi, dituduh curang lagi, fitnah dan hoax lagi, berkata dan berdoa buruk lagi, nyalahin Tuhan lagi, gak percaya takdir Allah SWT lagi, sampe kiamat gitu aja terus kadrun yaman kelakuannya gak tobat2.. Wkwkwkwk... Cuakkss"
Terang dunia,Om ganjar.. NTT SIAP DUKUNG
Heri Doank,TAPI BOONG
Badawi Al Khatiri,"Nanti kalau ganjar menang dan pdip hatrick lagi, dituduh curang lagi, fitnah dan hoax lagi, berkata dan berdoa buruk lagi, nyalahin Tuhan lagi, gak percaya takdir Allah SWT lagi, sampe kiamat gitu aja terus kadrun yaman kelakuannya gak tobat2.. Wkwkwkwk... Cuakkss"
Rizardi Karnas,survei abal abal
Rizardi Karnas,@Badawi Al Khatiri nanti K A L A U.....Menang.......= P A S T I ....Kalah.
Badawi Al Khatiri,"Nanti kalau ganjar menang dan pdip hatrick lagi, dituduh curang lagi, fitnah dan hoax lagi, berkata dan berdoa buruk lagi, nyalahin Tuhan lagi, gak percaya takdir Allah SWT lagi, sampe kiamat gitu aja terus kadrun yaman kelakuannya gak tobat2.. Wkwkwkwk... Cuakkss"
Ree Curties,<b>BISMILLAH GANJAR 2024 !!!</b><br><br><b>YANG SATUNYA POLITIK IDENTITAS</b><br><br><b>YANG SATUNYA LAGI UDAH KETUAAN MASUK USIA 73 TAHUN DI 2024</b>
Hadi Noor,"Jgn pakai kata basmalah klo nonton bokep, bs dobel dosanya ğŸ˜…ğŸ˜…ğŸ˜…"
Wajun Sadi Uhang,<b>Prabowo RI.1</b> â¤
ANDREAS NOSTAL KRISTIAN HALAWA,"yang dukung pak jokowi, tolong satukan hati dukung ganjar dong"
Bapa Rohim,Gak apa &quot; <br>Silahkan pilih yg disuka <br>Tapi jgn Main hoax
Rohima Tina,"Dulu pilih Jokowi,skrg saya sekeluarga pilih Anies"
Korib Krui,"Tetap Anis,lembaga survey cuma Utak Atik angka,tergatung yang bayar yang dimenangkan."
mamanyatyan Busry,Yg sabar yaaaa
Suradi Suradi,Betuuul
Jarmad Cilok,â¤â¤â¤â¤â¤ Ganjar Pranowo ğŸ‘ğŸ¤Ÿ
JAYA SATRIA,Pak Ganjar keok
Badawi Al Khatiri,"Nanti kalau ganjar menang dan pdip hatrick lagi, dituduh curang lagi, fitnah dan hoax lagi, berkata dan berdoa buruk lagi, nyalahin Tuhan lagi, gak percaya takdir Allah SWT lagi, sampe kiamat gitu aja terus kadrun yaman kelakuannya gak tobat2.. Wkwkwkwk... Cuakkss"
Android Android,mantap  pak ganjar
Saas Juju,Yok bisa yok Ganjar Pranowo penerus legesi Pakde Jokowi.
Karmidi Corp,"nambah hutang, dan kejebak hutang CHINA lagi dong"
Rdn Nids,@Olun Setrum <br>Petugas partai selalu terbukti MENANG ğŸ˜‚
Solder Bengkong,Ntar kita disuruh bermusuhan dgn israel.. Kita damai tenang jadi gk tenang dan damai
Olun Setrum,Petugas partai jd boneka
ğ˜¼ğ™¨ğ™¡ğ™ ğ™£ğ™™ğ™šğ™¨ğ™¤,ğ˜ˆğ˜ºğ˜°ğ˜¬ ğ˜¨ğ˜¢ğ˜´ğ˜´ ğ˜±ğ˜°ğ˜­ğ˜­ ğ˜ğ˜¢ğ˜¯ğ˜«ğ˜¢ğ˜³ ğ˜«ğ˜¢ğ˜¥ğ˜ª ğ˜™ğ˜ 1
Lianto Lianto,Yg Bener Cuma Survai LSI
Badawi Al Khatiri,"Nanti kalau ganjar menang dan pdip hatrick lagi, dituduh curang lagi, fitnah dan hoax lagi, berkata dan berdoa buruk lagi, nyalahin Tuhan lagi, gak percaya takdir Allah SWT lagi, sampe kiamat gitu aja terus kadrun yaman kelakuannya gak tobat2.. Wkwkwkwk... Cuakkss"
Juna Edi,Beda beda hasil survei jd tidak bisa di percaya
Roni Gunawan,Dari dulu pak Ganjar slalu teratasğŸ˜…sempet merosot karna blunder pildunğŸ¤£kalo ngaku2 survey tertinggi sudah psti dihujatğŸ¤­
Muhdi Arto,Bravo P G
AL-FATICH CHANNEL,Saya Bukan Orang Partai dan Bukan Politikus dan juga tidak punya harapan apapun dari Capres. Tapi aku lebih Memilih Pak Anies Rasyid Baswedan. Sebagai PRESIDEN 2024 . Sebab Aku ingat Kata2 Mak Banteng . Partainya tidak butuh Suara Dari Umat islam.
Badawi Al Khatiri,"Nanti kalau ganjar menang dan pdip hatrick lagi, dituduh curang lagi, fitnah dan hoax lagi, berkata dan berdoa buruk lagi, nyalahin Tuhan lagi, gak percaya takdir Allah SWT lagi, sampe kiamat gitu aja terus kadrun yaman kelakuannya gak tobat2.. Wkwkwkwk... Cuakkss"
ABU   JADUL,LO  SURPEINYA  KEBANYAKAN  MENELAN  UANG  HARAM    IBLIS  LAKNATULLOH      SEGERA  DI   TELAN  AJAB   YANG MAHA DAHSYAT  AAMIIN
Badawi Al Khatiri,"Nanti kalau ganjar menang dan pdip hatrick lagi, dituduh curang lagi, fitnah dan hoax lagi, berkata dan berdoa buruk lagi, nyalahin Tuhan lagi, gak percaya takdir Allah SWT lagi, sampe kiamat gitu aja terus kadrun yaman kelakuannya gak tobat2.. Wkwkwkwk... Cuakkss"
Muhana 2002,"Survey abal abal, bayaran"
Badawi Al Khatiri,"Nanti kalau ganjar menang dan pdip hatrick lagi, dituduh curang lagi, fitnah dan hoax lagi, berkata dan berdoa buruk lagi, nyalahin Tuhan lagi, gak percaya takdir Allah SWT lagi, sampe kiamat gitu aja terus kadrun yaman kelakuannya gak tobat2.. Wkwkwkwk... Cuakkss"
Imam Khudori,"Surpai bayaran,"
ABU   JADUL,KECURANGAN   YANG  SUPREI  INI  SEGERA  DITELAN  AJAB  BENCANA  YANG  MAHA  DAHSYAT
ABU   JADUL,@æˆ´å°å§ <br>INI  MUBAHALAH  SELURUH  RAKYAT  INDONESIA   UNTUK  SEMUA  KOMPLOTAN   REZIM  JOKOWI  LUHUT  AHOK  PN  JAKPUS  KPU  BAWASLOU  DPR  MPR  SRIMULYANI  DENI SIREGAR  ADE ARMANDO ABU JANDA  NGABALIN   YOQUT  MAHFUD MD  HAKIM  JAKSA  JUGA YANG TERLIBAT KM 50 .  KALIAN  SEMUA PEJABAT2 CEBONG  RONGSOKAN  SEMOGA SEGERA DI TELAN AJAB  DI LAKNAT ALLOH SWT  DI HANCURKAN  SEHANCUR  HANCURNYA    DITELAN AJAB DUNIA AKHIRAT  KUN FAYAKUUN  AAMIIN
ABU   JADUL,@æˆ´å°å§ <br>SEMOGA  SEMUA CEBONG DAN  KOMPLOTAN NYA  YANG  SELALU  MENELAN  UANG HARAM  BAYARAN  SOGOKAN  HASIL  GARONG RAJA  HUTANG   SEGERA  DIHANCURKAN  ALLOH SWT  DISERANG  PENYAKIT ANEH  7  PETURUNAN NYA  DI MUSNAHKAN  ALLOH SWT  SEHANCUR  HANCURNYA  AAMIIN
Badawi Al Khatiri,"Nanti kalau ganjar menang dan pdip hatrick lagi, dituduh curang lagi, fitnah dan hoax lagi, berkata dan berdoa buruk lagi, nyalahin Tuhan lagi, gak percaya takdir Allah SWT lagi, sampe kiamat gitu aja terus kadrun yaman kelakuannya gak tobat2.. Wkwkwkwk... Cuakkss"
æˆ´å°å§,ğŸ˜‚ğŸ˜‚ğŸ˜‚ğŸ˜‚ati ati kl bencana itu yg akan menelan mu dunnn.
Cahyo Cahyo,Kadrun kepanasan  si anis nyungsep
Imam Al gazali,Mantap GANJAR
Thomas Jefferson Tarigan,Kok surveinya tiap hari beda2..  hebat ya kakek Sugiono..
Badawi Al Khatiri,@Butun Adventure bisa aje sempak kadrun .... Wkwkwkwkwkwk
Butun Adventure,â€‹@Badawi Al Khatiribisa aje panci item ğŸ˜‚ğŸ˜‚ğŸ˜‚
Heri Alfaridzi,Bohong terus
Yuliana 15,â€‹@Ubai Dillah jongosnya Anies Yaman ini menangis drun Kadrun ğŸ˜…ğŸ˜…
Sawo Matang,â€‹@Ubai DillahğŸ˜‚ğŸ˜‚ğŸ˜‚ğŸ˜‚ğŸ˜‚ bener bro aku pun katawa... tapi kenapa ya klu Anis wan abut kadal gurun tidak kuat mesan ya.knp ya ada apa dgn kelebihan byar....
Imam Al gazali,MANTAP
Dawin Rotto,"Di survei ganjar selalu tinggi, tp klo blusukan ganjar dicuekin warga"
Dawin Rotto,@Zaky Zaky modal cengar cengir pencitraan kiri kanan mau jadi presiden...ya ampun mimpi di siang bolong
Dawin Rotto,@Zaky Zaky itu fakta...
Zaky Zaky,"â€‹â€‹@Dawin Rotto Iri bilang drunn modal ngibul ingin jdi presiden,ya ampunğŸ¥µğŸ¥µ"
Mawar Merah,Yg dicuwekin ke Pasar kemarin bukannya ANUS....?? â˜ï¸â˜ï¸ğŸ™ˆğŸ™ˆ<br>Malah jangkrik2 yg menyabut....!!<br>â˜ï¸â˜ï¸â˜ï¸ğŸ¤£ğŸ¤£ğŸ¤£
Luna Queen,Wkekwkek.....jadi ingat pas wan abud bin sumur resapan dtang k surabaya...sok sokan berjalan d gang...ehhh...warga pda gk gubris ğŸ¤£ğŸ¤£ğŸ¤£
DREAM Football,Suvei taek
Badawi Al Khatiri,"Nanti kalau ganjar menang dan pdip hatrick lagi, dituduh curang lagi, fitnah dan hoax lagi, berkata dan berdoa buruk lagi, nyalahin Tuhan lagi, gak percaya takdir Allah SWT lagi, sampe kiamat gitu aja terus kadrun yaman kelakuannya gak tobat2.. Wkwkwkwk... Cuakkss"
Bapak Exel,Aminn ganjarku 2024 presidenku
Aries Tampubolon,Ganjar akan kalah jika pak Jokowi masih bermain abuÂ²...
Badawi Al Khatiri,"Nanti kalau ganjar menang dan pdip hatrick lagi, dituduh curang lagi, fitnah dan hoax lagi, berkata dan berdoa buruk lagi, nyalahin Tuhan lagi, gak percaya takdir Allah SWT lagi, sampe kiamat gitu aja terus kadrun yaman kelakuannya gak tobat2.. Wkwkwkwk... Cuakkss"
Arya Bima,Di kampung ku gak ada calon kepala desa cocok buat yg  nmr 3...
Rangga Gupita,Sudahlah. Rakyat sdh paham apa di balik survey ini
Badawi Al Khatiri,"Nanti kalau ganjar menang dan pdip hatrick lagi, dituduh curang lagi, fitnah dan hoax lagi, berkata dan berdoa buruk lagi, nyalahin Tuhan lagi, gak percaya takdir Allah SWT lagi, sampe kiamat gitu aja terus kadrun yaman kelakuannya gak tobat2.. Wkwkwkwk... Cuakkss"
Mahmad Mahmad,Survey kgak bener niee
xnhplfrwmsqbdytg,Ow charta politica yg dulu di survey pilgub dki jkt selalu mengunggulkan ahok.. dan anies selalu di posisi ketiga.. ternyata duaarr survey nya salah totalğŸ˜‚ğŸ˜‚
Gendis kinasih,"karena ahok kena masalah besar dan bukan muslim sehingga bisa jadi senjadi pendukung anies untuk menyalip, lah sekarang mau apa sama2 muslim semuağŸ˜„"
Roni Gunawan,@xnhplfrwmsqbdytg itu jawaban buat andağŸ¤£ğŸ¤­mw digembok mw diiketğŸ˜…tapi menang 2x kn?ğŸ¤£ğŸ¤£ğŸ¤£ğŸ¤­
xnhplfrwmsqbdytg,@Badawi Al Khatiri yg penting menang tanpa kardus digembok.. ğŸ¤£ğŸ¤£ğŸ¤¦ğŸ¤¦
xnhplfrwmsqbdytg,@Roni Gunawan tapi menang kan??
xnhplfrwmsqbdytg,@Duta Satu yg penting menang.. daripada kemenangan dari kardus digembok??ğŸ¤£ğŸ¤£
Fauzan Ramon,"Wong jateng sdri ganjar kalah,surve slalu di atas Aneh ,,  apalagi jatim,jabar justru saya prediksi Anis menang     surve opo ae iku ,,,!!"
Uswatun Khasanah,Ngertimu opo to dul dul... madang sik ben waras...ğŸ˜ƒ
Badawi Al Khatiri,"Nanti kalau ganjar menang dan pdip hatrick lagi, dituduh curang lagi, fitnah dan hoax lagi, berkata dan berdoa buruk lagi, nyalahin Tuhan lagi, gak percaya takdir Allah SWT lagi, sampe kiamat gitu aja terus kadrun yaman kelakuannya gak tobat2.. Wkwkwkwk... Cuakkss"
Ikbal maulidin Ikbal,Lah waktu di SCTV menayangkan hasil survei Prabowo paling Kokok kenapa sekarang jadi kebalik yağŸ˜‚
Roni Gunawan,@Ikbal maulidin Ikbal kadrunğŸ¤£
Ikbal maulidin Ikbal,@Roni Gunawan bibit kadrun mulai munculğŸ¤£
backbone,Itu khan survey gak lama setelah ganjar diekspos menolak pildun u20 namun setelah ganjar mengklarifikasi dan sudah dicalonkan jd presiden dr pdi perjuangan maka awal bulan ini adalah itu hasilnya yg disurvey
Roni Gunawan,@Ikbal maulidin Ikbal ğŸ¤£ğŸ¤£ya jelas kalahğŸ¤­ tapi lawan pak Jokowi ga pernah menangğŸ¤£ğŸ¤­tau kan arah dukungan para pendukung pak Jokowi kmnğŸ˜…ğŸ¤­
Ikbal maulidin Ikbal,@Roni Gunawan head to head ganjar tetap kalah karena pak Prabowo jauh berpengalaman di bidang politik
Cah Ijen,GANJAR Insya Allah ditakdirkan jd presiden 2024.
Surya Taufik,@Tomy sampah NKRI. Bukannya grombolan koruptor buzerp pengadu domba.
Tomy,@Surya Taufik bukan hanya benci<br>Sampah NKRI wajib untuk di perangi<br>Sekali lagi WAJIB
Surya Taufik,@Tomy hanya org kuffur yg benci Fron persatuan islam
Mawar Merah,Pak GANJAR tetap capres terbaik....ğŸ‘ğŸ‘Pilihan RAKYAT Indonesia yg CERDAS.....!!<br>Insya ALLAH menang &amp; diridhoi ALLAH.<br>AMIN....ğŸ¤²ğŸ¤²
Sawo Matang,â€‹@Surya Taufiksyukurlah grombolanmu hancur 2x...
Irfan Pratama,"Ganjar,,josss"
Surya Taufik,Abal abal
Umar Oyoot,Tetep Prabowo
Eki Wahyudi,Pak Anies Is the best
Syafaruddin Rasyid,"saya tetap pilih Ganjar P,yg sempurna dari calon2 yg lain"
La' Viory,Ga mau yg lain tetap bpk Ganjar Pranowo
Rafanda 2018,ora milih
Mawar Merah,Pak GANJAR tetap Capres terbaik....ğŸ‘ğŸ‘<br>Pilihan RAKYAT Indonesia yg cerdas....<br>AMIN....ğŸ¤²ğŸ¤²
Ubai Dillah,Sempurna dari segi apa tuh ganjar<br>Kikikik yg lebih layak jd presiden 2024 pak Anis baswedan Aamiin
Heppy. Santosa,"Ayo kita dukung ganjar broo,dan semoga prabowo  jadi  wakilnya  ganjar mas brooo."
Mawar Merah,Prabowo itu gengsi jadi wakilnya pak GANJAR....!! â˜ï¸â˜ï¸<br>Smg nt dpt wakil yg  lain yg bisa mendongkrak suara lagi smp 51 % lebih buat pak GANJAR spy 1x putaran PEMILU cpt slesai....<br>AMIN....ğŸ¤²ğŸ¤²
Dharma Hasibuanb,makin kaya..juragan survei<br>ğŸ˜‚ğŸ˜‚ğŸ˜‚ğŸ˜‚ğŸ˜‚ğŸ˜‚ğŸ˜‚ğŸ˜‚ğŸ˜‚ğŸ˜‚
Roni Gunawan,ğŸ˜…terima kenyataan walpn pahitğŸ¤£ğŸ¤­
Sutarjo Geneng,"Alhamdulillah, mantap. Sikap istiqomah dan tidak tergoyahkan, tetap memilih Anies Baswedan. Karena, rakyat ingin kemajuan, rakyat ingin perubahan, perubahan yang lebih baik. Dan Insya Alloh.... yang memilih Anies adalah orang orang pandai, cerdas dan berhati mulia. Salam, akal sehat........ dan perubahan. Semoga, perubahan membawa barokah, untuk kita semua. Aamiin. Terima kasih."
Pak Warjo,Anis itu ibarat merantau jadi merasa enak jadi ketagihan
Karsiono 005,"Sengdirubah nama jalan rumah dakit penggusuran  halte  dll nya janji manis ternya tidak sesuwai  yang diharapkan  warga DKI. buat kecewa aja ,ğŸ˜‚ğŸ˜‚ğŸ˜‚ğŸ˜‚ğŸ˜‚ğŸ˜‚ğŸ˜‚"
La' Viory,@Pangat Bador sama
Pak Warjo,Ini hajat bangsa Indonesia yg merasa keturunan Yaman minggir dulu ya
Pak Warjo,Entar klw kalah bilang dicurangi mending dari awal persiapkan diri untuk kalah biar nggak kaget
agus sumarsono,Semoga pak ganjar semakin melesat. Aamiin
R. Endeh Rukmini,Yaya lah orang mikir mah bakal tau kalu menang nya seperti apa.coba jurdil.ayo buktikan.
R. Endeh Rukmini,Heran apa nya yg dilihat.prestasi nya mana kinerja nya apa.ini mah dr rezim.prett.
N Meci,Jadi ingat pilgub dki. Hasil survey anies ditempatkan di urutan buncit tapi akhirnya jadi pemenangğŸ˜‚ğŸ˜‚
Rafanda 2018,melesat kemana tuh
Mawar Merah,Pak sll dihati &amp; sll dinanti di 2024 RAKYAT INDONESIA....smg sukses menuju RI.1....ğŸ‡®ğŸ‡©ğŸ‡®ğŸ‡©ğŸ‘ğŸ‘<br>AMIN....ğŸ¤²ğŸ¤²
hadi suwarno,Hadir aku orang solo dukung pak prabowo jadi presiden RI
backbone,Lahh basis.pdip koq bukan pilih ganjar?
"Rini Hermawati,SH","Terserah mau nampilin dan bilang apalah, sing penting 2024 Presiden nya Prabowo...Merdekaaa"
backbone,Karakter prabowo keliatan emosional sehingga klo sdh jd pemimpim akan.mnjdi pemimpin yang otoriter
Herman Sasak,"Ganjar no, anis no"
Vhiki Dismas,Mantap pak ganjar.
Sulistyo Ridho,Ganjar 2024
Ahmad Hazairin,Mark up  !
Yeti Lusiana,"Gamjar Yes. Prabowo no, Anis buang kelaut"
Roni Gunawan,@Rizardi Karnas ğŸ¤£FPI PKI HTI ormas bajing*n terlarangğŸ¤£arogan perbudakanğŸ¤£
Rizardi Karnas,@Roni Gunawan nte masih penasaran di mana PKI....?....lu kan pegonggong PKI pasti tau dong.....
Rizardi Karnas,@Roni Gunawan PKI
Roni Gunawan,@Rizardi Karnas nte masih penasaran ya walpn sering kalahğŸ¤£pilihan nte jg bakalan kalah lg sepertinyağŸ¤­
Rizardi Karnas,@Roni Gunawan PKI
Agus Wahyudi,Jaman gini kok masih percaya survey..<br>Klo benar kenapa kualisi besar takut sama anis..
Badawi Al Khatiri,"Bukan takut, tapi lagi bikin skenario agar ganjar dan prabowo lawan kotak kosong,alias bakal auto menang mutlak gada lawan nya.siap2 aja lu kadrun yaman bakal dapat kejutan dari nasdem di akhir iniury time nanti... Wkwkwkwk"
Tutty Fruity,Anis bs appah selain menata katağŸ¤”
Cah Ijen,Kalo Anis menang survey baru percaya ğŸ˜›ğŸ˜›
agus sumarsono,Kampungan sekali jaman modern gini
Yosida Ktalo3,Bergabung bersama pemimpin bangsa yang visioner dan berkarakter. Pemimpin yang bisa mencerdaskan kehidupan bangsa dan ikut melaksanakan ketertiban dunia. Mampu dan sudah teruji. Salam Indonesia Raya bermartabat dan mampu berkarya sesuai dengan karakter bangsa menuju Indonesia Emas 2045. Selamat beraktivitas pak Menhan
BENY BARBAY.,gaspol pk ganjar..salam ğŸ¤Ÿ
Zaky Zaky,â€‹@Umar Oyoot wan abud nangisssssss ğŸ˜‚ğŸ˜‚ğŸ˜‚ğŸ˜‚ğŸ˜‚
Bapa Rohim,Ya jgn berkecil hati <br>Walau survemya konsisten <br>Gak naik&quot;<br>Diururutam paling bwh <br>Ttp semangat
Luna Queen,@Umar Oyoot yg sabar ya bosss...meski wan abud bin sumur resapan selalu terbawah...sya harap tetap semangat....jangan menyerah...siapa tahu kedepannya suaranya makin NYUNGSEP ğŸ‘ğŸ‘ğŸ‘
fab Bin,@Umar Oyoot 2 periode PDIP menang bersama Jokowi nih bosğŸ¤­ selanjutnya diteruskan Pak GanjarğŸ”¥ barisan sakit hati iri dan nyinyir selaluğŸ¤­
Roni Gunawan,â€‹@Umar Oyoot hampir semua partai ada koruptornyağŸ˜…ğŸ¤­
